Transaction_ID,Date,Customer_ID,Region,Category,Qty,Price,Discount,Total_Revenue,Net_Revenue,Region_Revenue_Rank,Category_Avg_Price,Running_Total_Revenue
TXN00087,2026-01-01,CUST0120,South,Accessories,3,147.55,0.29,442.65,314.28,172,103.54,442.65
TXN00203,2026-01-01,CUST0476,East,Laptops,1,698.15,0.13,698.15,607.39,185,1466.45,1140.8
TXN00030,2026-01-02,CUST0158,South,Accessories,8,95.79,0.12,766.32,674.36,145,103.54,1907.12
TXN00329,2026-01-02,CUST0059,North,Accessories,6,122.99,0.2,737.94,590.35,165,103.54,2645.06
TXN00048,2026-01-03,CUST0255,East,Laptops,1,2419.87,0.16,2419.87,2032.69,116,1466.45,5064.93
TXN00195,2026-01-04,CUST0193,North,Accessories,6,49.5,0.06,297.0,279.18,199,103.54,5361.93
TXN00408,2026-01-04,CUST0158,East,Phones,5,903.68,0.16,4518.4,3795.46,85,763.51,9880.33
TXN00535,2026-01-04,CUST0280,North,Phones,4,1268.04,0.07,5072.16,4717.11,73,763.51,14952.49
TXN00001,2026-01-05,CUST0309,West,Accessories,3,155.54,0.03,466.62,452.62,185,103.54,15419.11
TXN00036,2026-01-05,CUST0049,West,Laptops,7,1219.43,0.27,8536.01,6231.29,34,1466.45,23955.12
TXN00070,2026-01-05,CUST0072,North,Accessories,1,88.36,0.04,88.36,84.83,232,103.54,24043.48
TXN00391,2026-01-05,CUST0176,South,Phones,1,214.01,0.18,214.01,175.49,194,763.51,24257.49
TXN00499,2026-01-05,CUST0370,West,Accessories,9,88.67,0.27,798.03,582.56,161,103.54,25055.52
TXN00760,2026-01-05,CUST0443,North,Phones,7,446.62,0.23,3126.34,2407.28,98,763.51,28181.86
TXN00768,2026-01-05,CUST0469,North,Phones,7,1072.78,0.03,7509.46,7284.18,44,763.51,35691.32
TXN00782,2026-01-05,CUST0317,East,Accessories,4,57.54,0.14,230.16,197.94,236,103.54,35921.48
TXN00810,2026-01-05,CUST0358,South,Phones,8,1145.44,0.09,9163.52,8338.8,32,763.51,45085.0
TXN00916,2026-01-06,CUST0205,North,Laptops,7,1887.97,0.12,13215.79,11629.9,18,1466.45,58300.79
TXN00387,2026-01-07,CUST0459,West,Laptops,8,2050.31,0.25,16402.48,12301.86,6,1466.45,74703.27
TXN00524,2026-01-07,CUST0006,South,Phones,3,570.15,0.25,1710.45,1282.84,110,763.51,76413.72
TXN00484,2026-01-08,CUST0465,North,Phones,8,995.74,0.29,7965.92,5655.8,40,763.51,84379.64
TXN00533,2026-01-08,CUST0316,East,Accessories,5,33.1,0.26,165.5,122.47,245,103.54,84545.14
TXN00719,2026-01-08,CUST0003,West,Phones,7,1121.33,0.12,7849.31,6907.39,38,763.51,92394.45
TXN00074,2026-01-09,CUST0413,North,Phones,2,881.41,0.03,1762.82,1709.94,122,763.51,94157.27
TXN00410,2026-01-09,CUST0495,South,Accessories,5,20.97,0.13,104.85,91.22,215,103.54,94262.12
TXN00453,2026-01-09,CUST0470,South,Accessories,2,144.38,0.25,288.76,216.57,188,103.54,94550.88
TXN00755,2026-01-09,CUST0370,East,Accessories,1,10.26,0.29,10.26,7.28,260,103.54,94561.14
TXN00407,2026-01-10,CUST0372,South,Accessories,9,185.28,0.17,1667.52,1384.04,111,103.54,96228.66
TXN00679,2026-01-11,CUST0025,North,Accessories,1,57.6,0.2,57.6,46.08,239,103.54,96286.26
TXN00010,2026-01-12,CUST0453,East,Phones,7,654.95,0.01,4584.65,4538.8,84,763.51,100870.91
TXN00016,2026-01-12,,South,Phones,8,306.39,0.21,2451.12,1936.38,97,763.51,103322.03
TXN00049,2026-01-12,CUST0215,West,Phones,7,692.33,0.29,4846.31,3440.88,73,763.51,108168.34
TXN00418,2026-01-12,CUST0010,North,Accessories,8,95.03,0.29,760.24,539.77,163,103.54,108928.58
TXN00367,2026-01-13,CUST0500,North,Laptops,6,1132.89,0.09,6797.34,6185.58,53,1466.45,115725.92
TXN00686,2026-01-13,CUST0412,North,Accessories,7,72.91,0.08,510.37,469.54,180,103.54,116236.29
TXN00766,2026-01-13,CUST0482,South,Phones,7,1110.62,0.21,7774.34,6141.73,37,763.51,124010.63
TXN00110,2026-01-14,CUST0188,West,Phones,1,551.53,0.22,551.53,430.19,178,763.51,124562.16
TXN00347,2026-01-14,CUST0130,East,Laptops,7,1507.79,0.01,10554.53,10448.98,28,1466.45,135116.69
TXN00479,2026-01-14,CUST0174,South,Laptops,10,1266.84,0.2,12668.4,10134.72,10,1466.45,147785.09
TXN00672,2026-01-14,CUST0357,West,Phones,3,1109.6,0.11,3328.8,2962.63,97,763.51,151113.89
TXN00689,2026-01-14,CUST0312,West,Phones,10,908.08,0.28,9080.8,6538.18,30,763.51,160194.69
TXN00791,2026-01-14,CUST0409,West,Laptops,3,2215.81,0.2,6647.43,5317.94,52,1466.45,166842.12
TXN00372,2026-01-15,CUST0338,North,Accessories,3,111.73,0.03,335.19,325.13,194,103.54,167177.31
TXN00352,2026-01-16,CUST0255,West,Accessories,2,37.0,0.28,74.0,53.28,214,103.54,167251.31
TXN00460,2026-01-16,CUST0449,North,Accessories,9,142.63,0.02,1283.67,1258.0,141,103.54,168534.98
TXN00482,2026-01-17,CUST0500,East,Accessories,4,82.59,0.1,330.36,297.32,225,103.54,168865.34
TXN00821,2026-01-18,CUST0477,East,Laptops,4,1779.58,0.09,7118.32,6477.67,51,1466.45,175983.66
TXN00618,2026-01-19,CUST0090,South,Phones,1,1011.56,0.25,1011.56,758.67,131,763.51,176995.22
TXN00065,2026-01-20,CUST0087,North,Phones,1,1282.37,0.21,1282.37,1013.07,142,763.51,178277.59
TXN00475,2026-01-20,CUST0336,West,Laptops,7,2233.95,0.18,15637.65,12822.87,7,1466.45,193915.24
TXN00705,2026-01-20,CUST0380,East,Phones,8,548.01,0.08,4384.08,4033.35,86,763.51,198299.32
TXN00825,2026-01-20,CUST0408,North,Accessories,1,104.68,0.18,104.68,85.84,229,103.54,198404.0
TXN00238,2026-01-21,CUST0030,South,Phones,6,1016.83,0.08,6100.98,5612.9,54,763.51,204504.98
TXN00526,2026-01-21,CUST0126,South,Laptops,1,717.63,0.12,717.63,631.51,150,1466.45,205222.61
TXN00921,2026-01-21,,North,Accessories,3,51.26,0.29,153.78,109.18,221,103.54,205376.39
TXN00149,2026-01-22,CUST0422,South,Accessories,5,106.05,0.16,530.25,445.41,162,103.54,205906.64
TXN00495,2026-01-22,,East,Laptops,1,625.2,0.06,625.2,587.69,192,1466.45,206531.84
TXN00734,2026-01-22,CUST0324,North,Phones,1,917.06,0.09,917.06,834.52,156,763.51,207448.9
TXN00775,2026-01-22,CUST0203,North,Phones,5,676.58,0.0,3382.9,3382.9,94,763.51,210831.8
TXN00892,2026-01-22,CUST0310,North,Laptops,10,2382.21,0.28,23822.1,17151.91,2,1466.45,234653.9
TXN00413,2026-01-23,CUST0266,West,Laptops,5,1364.1,0.11,6820.5,6070.24,49,1466.45,241474.4
TXN00473,2026-01-23,CUST0060,West,Laptops,10,813.62,0.15,8136.2,6915.77,35,1466.45,249610.6
TXN00513,2026-01-23,CUST0262,North,Accessories,6,68.46,0.03,410.76,398.44,188,103.54,250021.36
TXN00850,2026-01-23,CUST0228,North,Laptops,8,1516.8,0.04,12134.4,11649.02,19,1466.45,262155.76
TXN00075,2026-01-26,CUST0102,North,Accessories,2,125.28,0.26,250.56,185.41,204,103.54,262406.32
TXN00190,2026-01-26,CUST0456,West,Laptops,1,1304.95,0.21,1304.95,1030.91,134,1466.45,263711.27
TXN00336,2026-01-26,CUST0173,East,Accessories,7,51.2,0.17,358.4,297.47,221,103.54,264069.67
TXN00508,2026-01-26,CUST0443,East,Phones,1,1274.74,0.22,1274.74,994.3,147,763.51,265344.41
TXN00142,2026-01-27,CUST0143,East,Phones,3,785.92,0.08,2357.76,2169.14,117,763.51,267702.17
TXN00166,2026-01-27,CUST0464,East,Laptops,1,1730.35,0.19,1730.35,1401.58,128,1466.45,269432.52
TXN00359,2026-01-27,CUST0389,West,Phones,10,429.55,0.03,4295.5,4166.64,84,763.51,273728.02
TXN00758,2026-01-27,CUST0482,South,Accessories,6,71.63,0.26,429.78,318.04,174,103.54,274157.8
TXN00383,2026-01-28,CUST0068,North,Phones,9,1214.37,0.24,10929.33,8306.29,24,763.51,285087.13
TXN00638,2026-01-28,CUST0424,South,Phones,7,579.32,0.3,4055.24,2838.67,77,763.51,289142.37
TXN00056,2026-01-29,CUST0321,East,Laptops,1,623.0,0.03,623.0,604.31,193,1466.45,289765.37
TXN00204,2026-01-29,CUST0219,West,Laptops,3,1950.92,0.05,5852.76,5560.12,59,1466.45,295618.13
TXN00358,2026-01-29,CUST0226,South,Phones,4,438.81,0.26,1755.24,1298.88,108,763.51,297373.37
TXN00146,2026-01-30,CUST0269,East,Accessories,6,32.18,0.06,193.08,181.5,240,103.54,297566.45
TXN00161,2026-01-30,CUST0363,East,Accessories,4,152.34,0.14,609.36,524.05,197,103.54,298175.81
TXN00282,2026-01-30,CUST0224,East,Phones,2,789.03,0.25,1578.06,1183.54,136,763.51,299753.87
TXN00503,2026-01-30,CUST0223,West,Accessories,6,93.95,0.29,563.7,400.23,176,103.54,300317.57
TXN00676,2026-01-30,CUST0251,West,Laptops,6,2024.9,0.11,12149.4,10812.97,16,1466.45,312466.97
TXN00815,2026-01-30,CUST0099,South,Accessories,1,34.77,0.06,34.77,32.68,228,103.54,312501.74
TXN00382,2026-01-31,CUST0379,East,Accessories,7,26.33,0.04,184.31,176.94,242,103.54,312686.05
TXN00406,2026-01-31,CUST0243,West,Laptops,1,1222.42,0.28,1222.42,880.14,138,1466.45,313908.47
TXN00588,2026-02-01,CUST0427,East,Laptops,8,2359.42,0.24,18875.36,14345.27,3,1466.45,332783.83
TXN00656,2026-02-01,CUST0017,East,Accessories,4,189.22,0.23,756.88,582.8,180,103.54,333540.71
TXN00079,2026-02-02,CUST0242,East,Laptops,2,1277.21,0.13,2554.42,2222.35,115,1466.45,336095.13
TXN00557,2026-02-02,CUST0211,East,Accessories,5,54.67,0.25,273.35,205.01,228,103.54,336368.48
TXN00717,2026-02-02,CUST0398,South,Accessories,10,148.39,0.1,1483.9,1335.51,115,103.54,337852.38
TXN00020,2026-02-03,CUST0478,South,Laptops,6,1766.1,0.28,10596.6,7629.55,24,1466.45,348448.98
TXN00653,2026-02-03,CUST0133,West,Laptops,2,2146.35,0.02,4292.7,4206.85,85,1466.45,352741.68
TXN00092,2026-02-04,CUST0343,East,Accessories,7,125.81,0.29,880.67,625.28,171,103.54,353622.35
TXN00137,2026-02-04,CUST0212,South,Laptops,1,566.65,0.19,566.65,458.99,158,1466.45,354189.0
TXN00684,2026-02-05,CUST0207,North,Accessories,8,9.7,0.23,77.6,59.75,233,103.54,354266.6
TXN00943,2026-02-05,CUST0228,East,Accessories,9,121.51,0.29,1093.59,776.45,157,103.54,355360.19
TXN00341,2026-02-06,CUST0361,North,Laptops,6,1309.72,0.26,7858.32,5815.16,41,1466.45,363218.51
TXN00795,2026-02-06,CUST0144,East,Accessories,5,95.41,0.11,477.05,424.57,209,103.54,363695.56
TXN00105,2026-02-07,CUST0089,South,Laptops,6,2220.63,0.29,13323.78,9459.88,7,1466.45,377019.34
TXN00212,2026-02-07,CUST0345,East,Phones,1,788.2,0.01,788.2,780.32,176,763.51,377807.54
TXN00011,2026-02-09,CUST0452,West,Phones,1,734.55,0.05,734.55,697.82,164,763.51,378542.09
TXN00619,2026-02-09,CUST0323,South,Accessories,2,23.86,0.29,47.72,33.88,225,103.54,378589.81
TXN00206,2026-02-10,CUST0378,West,Laptops,2,541.43,0.07,1082.86,1007.06,144,1466.45,379672.67
TXN00288,2026-02-10,CUST0412,South,Accessories,6,179.19,0.01,1075.14,1064.39,130,103.54,380747.81
TXN00539,2026-02-10,CUST0414,East,Laptops,3,2397.51,0.01,7192.53,7120.6,49,1466.45,387940.34
TXN00400,2026-02-11,CUST0076,South,Phones,6,839.61,0.25,5037.66,3778.24,69,763.51,392978.0
TXN00741,2026-02-11,CUST0496,East,Phones,3,891.41,0.15,2674.23,2273.1,113,763.51,395652.23
TXN00655,2026-02-12,CUST0228,South,Laptops,5,2228.79,0.04,11143.95,10698.19,19,1466.45,406796.18
TXN00737,2026-02-12,CUST0333,North,Laptops,5,1743.63,0.12,8718.15,7671.97,37,1466.45,415514.33
TXN00840,2026-02-12,CUST0069,North,Phones,10,1084.08,0.23,10840.8,8347.42,26,763.51,426355.13
TXN00224,2026-02-13,CUST0294,East,Phones,1,807.88,0.16,807.88,678.62,174,763.51,427163.01
TXN00514,2026-02-13,CUST0373,South,Accessories,1,122.88,0.09,122.88,111.82,211,103.54,427285.89
TXN00703,2026-02-13,CUST0167,South,Phones,6,660.82,0.17,3964.92,3290.88,79,763.51,431250.81
TXN00007,2026-02-14,CUST0467,West,Accessories,10,198.48,0.24,1984.8,1508.45,118,103.54,433235.61
TXN00058,2026-02-14,CUST0074,East,Laptops,2,1632.8,0.09,3265.6,2971.7,99,1466.45,436501.21
TXN00566,2026-02-14,CUST0213,West,Accessories,7,40.12,0.18,280.84,230.29,199,103.54,436782.05
TXN00682,2026-02-14,CUST0327,East,Laptops,4,2376.01,0.29,9504.04,6747.87,33,1466.45,446286.09
TXN00824,2026-02-14,CUST0017,South,Accessories,4,50.52,0.1,202.08,181.87,195,103.54,446488.17
TXN00108,2026-02-16,CUST0147,East,Accessories,1,67.98,0.26,67.98,50.31,256,103.54,446556.15
TXN00764,2026-02-16,CUST0068,West,Accessories,7,24.79,0.07,173.53,161.38,206,103.54,446729.68
TXN00891,2026-02-16,CUST0103,East,Laptops,4,2063.74,0.11,8254.96,7346.91,41,1466.45,454984.64
TXN00057,2026-02-17,CUST0039,South,Accessories,7,36.01,0.26,252.07,186.53,192,103.54,455236.71
TXN00067,2026-02-17,CUST0498,West,Laptops,8,1558.63,0.21,12469.04,9850.54,14,1466.45,467705.75
TXN00459,2026-02-17,CUST0250,South,Accessories,6,151.46,0.0,908.76,908.76,136,103.54,468614.51
TXN00581,2026-02-17,CUST0117,North,Accessories,9,166.61,0.05,1499.49,1424.52,128,103.54,470114.0
TXN00820,2026-02-17,,East,Laptops,9,873.78,0.11,7864.02,6998.98,45,1466.45,477978.02
TXN00123,2026-02-18,CUST0263,South,Accessories,2,65.14,0.13,130.28,113.34,210,103.54,478108.3
TXN00163,2026-02-18,CUST0018,North,Laptops,8,996.92,0.22,7975.36,6220.78,39,1466.45,486083.66
TXN00170,2026-02-18,CUST0264,East,Phones,7,871.05,0.12,6097.35,5365.67,63,763.51,492181.01
TXN00207,2026-02-18,CUST0170,North,Laptops,7,841.77,0.26,5892.39,4360.37,63,1466.45,498073.4
TXN00446,2026-02-18,CUST0157,East,Accessories,9,157.72,0.24,1419.48,1078.8,144,103.54,499492.88
TXN00934,2026-02-18,CUST0473,North,Phones,9,748.53,0.05,6736.77,6399.93,55,763.51,506229.65
TXN00085,2026-02-19,CUST0334,South,Phones,1,1082.1,0.15,1082.1,919.78,129,763.51,507311.75
TXN00449,2026-02-19,CUST0349,East,Laptops,6,1342.37,0.07,8054.22,7490.42,42,1466.45,515365.97
TXN00458,2026-02-20,CUST0432,West,Accessories,5,179.44,0.21,897.2,708.79,155,103.54,516263.17
TXN00532,2026-02-20,CUST0017,South,Laptops,3,1816.78,0.15,5450.34,4632.79,62,1466.45,521713.51
TXN00378,2026-02-21,CUST0071,East,Phones,8,1245.29,0.09,9962.32,9065.71,32,763.51,531675.83
TXN00187,2026-02-22,CUST0247,West,Laptops,1,2101.52,0.17,2101.52,1744.26,117,1466.45,533777.35
TXN00424,2026-02-22,CUST0245,East,Laptops,7,1890.19,0.11,13231.33,11775.88,17,1466.45,547008.68
TXN00518,2026-02-22,CUST0203,South,Laptops,2,1375.12,0.18,2750.24,2255.2,93,1466.45,549758.92
TXN00575,2026-02-22,,East,Phones,9,796.88,0.16,7171.92,6024.41,50,763.51,556930.84
TXN00604,2026-02-22,,East,Phones,5,1122.32,0.24,5611.6,4264.82,69,763.51,562542.44
TXN00777,2026-02-22,CUST0158,North,Laptops,1,1278.24,0.23,1278.24,984.24,143,1466.45,563820.68
TXN00208,2026-02-23,CUST0397,South,Laptops,4,1565.41,0.21,6261.64,4946.7,50,1466.45,570082.32
TXN00537,2026-02-23,CUST0311,West,Laptops,9,1340.74,0.13,12066.66,10497.99,17,1466.45,582148.98
TXN00799,2026-02-23,CUST0078,South,Phones,10,610.53,0.01,6105.3,6044.25,53,763.51,588254.28
TXN00839,2026-02-23,CUST0366,North,Accessories,10,53.43,0.22,534.3,416.75,177,103.54,588788.58
TXN00260,2026-02-24,CUST0389,South,Accessories,10,30.38,0.03,303.8,294.69,187,103.54,589092.38
TXN00409,2026-02-24,CUST0445,North,Phones,1,1260.75,0.23,1260.75,970.78,145,763.51,590353.13
TXN00662,2026-02-25,CUST0479,East,Laptops,10,1458.93,0.08,14589.3,13422.16,9,1466.45,604942.43
TXN00724,2026-02-25,CUST0092,West,Laptops,2,2282.81,0.29,4565.62,3241.59,80,1466.45,609508.05
TXN00876,2026-02-25,CUST0305,North,Accessories,6,28.44,0.09,170.64,155.28,215,103.54,609678.69
TXN00026,2026-02-26,CUST0466,North,Laptops,1,2260.69,0.27,2260.69,1650.3,112,1466.45,611939.38
TXN00249,2026-02-26,CUST0347,West,Laptops,1,541.98,0.2,541.98,433.58,182,1466.45,612481.36
TXN00255,2026-02-26,CUST0101,West,Laptops,10,1484.68,0.19,14846.8,12025.91,9,1466.45,627328.16
TXN00299,2026-02-26,,South,Phones,10,1110.12,0.1,11101.2,9991.08,20,763.51,638429.36
TXN00369,2026-02-26,CUST0437,West,Phones,5,912.3,0.04,4561.5,4379.04,81,763.51,642990.86
TXN00404,2026-02-26,CUST0076,East,Phones,1,573.83,0.28,573.83,413.16,201,763.51,643564.69
TXN00435,2026-02-26,CUST0145,South,Accessories,9,45.08,0.19,405.72,328.63,179,103.54,643970.41
TXN00805,2026-02-26,CUST0488,South,Phones,9,719.69,0.26,6477.21,4793.14,48,763.51,650447.62
TXN00836,2026-02-26,CUST0102,North,Phones,3,673.04,0.15,2019.12,1716.25,116,763.51,652466.74
TXN00901,2026-02-26,CUST0475,North,Laptops,2,2246.39,0.24,4492.78,3414.51,80,1466.45,656959.52
TXN00287,2026-02-27,CUST0027,East,Accessories,4,57.13,0.07,228.52,212.52,238,103.54,657188.04
TXN00804,2026-02-27,CUST0097,South,Accessories,6,165.44,0.22,992.64,774.26,132,103.54,658180.68
TXN00773,2026-02-28,CUST0152,East,Phones,8,481.67,0.1,3853.36,3468.02,91,763.51,662034.04
TXN00042,2026-03-01,CUST0287,South,Accessories,7,118.23,0.09,827.61,753.13,139,103.54,662861.65
TXN00332,2026-03-01,CUST0304,West,Phones,2,326.26,0.22,652.52,508.97,167,763.51,663514.17
TXN00852,2026-03-01,CUST0240,East,Laptops,9,1494.85,0.13,13453.65,11704.68,16,1466.45,676967.82
TXN00289,2026-03-02,,South,Phones,1,576.98,0.13,576.98,501.97,157,763.51,677544.8
TXN00556,2026-03-02,CUST0022,North,Laptops,2,1718.31,0.05,3436.62,3264.79,92,1466.45,680981.42
TXN00701,2026-03-02,CUST0381,North,Phones,1,1163.44,0.17,1163.44,965.66,147,763.51,682144.86
TXN00118,2026-03-03,CUST0419,East,Accessories,6,157.22,0.28,943.32,679.19,165,103.54,683088.18
TXN00796,2026-03-03,CUST0107,South,Accessories,6,68.67,0.14,412.02,354.34,178,103.54,683500.2
TXN00080,2026-03-04,CUST0479,North,Phones,6,974.49,0.08,5846.94,5379.18,64,763.51,689347.14
TXN00935,2026-03-04,CUST0014,East,Accessories,2,55.77,0.29,111.54,79.19,250,103.54,689458.68
TXN00062,2026-03-05,CUST0422,East,Phones,4,701.09,0.12,2804.36,2467.84,109,763.51,692263.04
TXN00896,2026-03-05,CUST0341,West,Laptops,4,2304.3,0.27,9217.2,6728.56,28,1466.45,701480.24
TXN00728,2026-03-06,CUST0042,South,Accessories,8,139.36,0.04,1114.88,1070.28,127,103.54,702595.12
TXN00115,2026-03-07,CUST0452,West,Laptops,9,2111.17,0.14,19000.53,16340.46,2,1466.45,721595.65
TXN00396,2026-03-08,CUST0351,East,Accessories,1,125.15,0.22,125.15,97.62,249,103.54,721720.8
TXN00017,2026-03-09,CUST0262,East,Accessories,8,138.26,0.02,1106.08,1083.96,156,103.54,722826.88
TXN00757,2026-03-09,,North,Laptops,1,693.33,0.11,693.33,617.06,166,1466.45,723520.21
TXN00765,2026-03-09,CUST0391,North,Laptops,2,698.46,0.28,1396.92,1005.78,133,1466.45,724917.13
TXN00858,2026-03-09,CUST0390,West,Laptops,8,1535.88,0.08,12287.04,11304.08,15,1466.45,737204.17
TXN00461,2026-03-10,CUST0383,West,Laptops,6,2293.57,0.03,13761.42,13348.58,12,1466.45,750965.59
TXN00015,2026-03-11,CUST0016,West,Laptops,7,2029.55,0.16,14206.85,11933.75,10,1466.45,765172.44
TXN00838,2026-03-11,CUST0444,West,Accessories,8,35.66,0.0,285.28,285.28,197,103.54,765457.72
TXN00086,2026-03-12,CUST0212,South,Laptops,7,2277.85,0.26,15944.95,11799.26,3,1466.45,781402.67
TXN00507,2026-03-12,CUST0296,East,Accessories,5,79.34,0.21,396.7,313.39,217,103.54,781799.37
TXN00599,2026-03-12,CUST0497,East,Phones,8,356.87,0.22,2854.96,2226.87,107,763.51,784654.33
TXN00658,2026-03-12,CUST0237,East,Laptops,7,1317.92,0.23,9225.44,7103.59,34,1466.45,793879.77
TXN00109,2026-03-13,CUST0197,West,Accessories,2,25.47,0.13,50.94,44.32,216,103.54,793930.71
TXN00247,2026-03-13,CUST0002,North,Accessories,6,19.88,0.21,119.28,94.23,225,103.54,794049.99
TXN00323,2026-03-13,CUST0214,East,Phones,10,285.89,0.05,2858.9,2715.95,106,763.51,796908.89
TXN00605,2026-03-13,CUST0331,North,Laptops,7,2127.13,0.03,14889.91,14443.21,13,1466.45,811798.8
TXN00787,2026-03-13,CUST0391,North,Laptops,8,2042.88,0.2,16343.04,13074.43,9,1466.45,828141.84
TXN00606,2026-03-14,CUST0278,East,Phones,9,215.78,0.1,1942.02,1747.82,123,763.51,830083.86
TXN00318,2026-03-16,CUST0076,North,Phones,1,890.5,0.1,890.5,801.45,158,763.51,830974.36
TXN00509,2026-03-16,,South,Phones,6,541.73,0.02,3250.38,3185.37,88,763.51,834224.74
TXN00792,2026-03-16,CUST0244,South,Accessories,6,80.19,0.29,481.14,341.61,168,103.54,834705.88
TXN00931,2026-03-16,CUST0196,West,Phones,8,939.51,0.14,7516.08,6463.83,42,763.51,842221.96
TXN00218,2026-03-17,CUST0429,West,Accessories,10,19.28,0.05,192.8,183.16,204,103.54,842414.76
TXN00116,2026-03-18,CUST0264,West,Laptops,1,2447.32,0.18,2447.32,2006.8,109,1466.45,844862.08
TXN00823,2026-03-18,CUST0308,South,Phones,3,492.63,0.07,1477.89,1374.44,116,763.51,846339.97
TXN00223,2026-03-19,CUST0213,West,Phones,6,754.53,0.2,4527.18,3621.74,82,763.51,850867.15
TXN00538,2026-03-20,CUST0239,South,Phones,1,489.66,0.05,489.66,465.18,167,763.51,851356.81
TXN00548,2026-03-20,CUST0044,South,Phones,1,397.89,0.18,397.89,326.27,180,763.51,851754.7
TXN00552,2026-03-21,CUST0418,North,Phones,10,292.46,0.1,2924.6,2632.14,103,763.51,854679.3
TXN00736,2026-03-21,CUST0331,North,Accessories,6,189.27,0.09,1135.62,1033.41,148,103.54,855814.92
TXN00917,2026-03-21,CUST0491,North,Accessories,7,184.48,0.01,1291.36,1278.45,139,103.54,857106.28
TXN00023,2026-03-22,CUST0282,North,Laptops,6,2434.12,0.27,14604.72,10661.45,14,1466.45,871711.0
TXN00220,2026-03-22,CUST0157,West,Laptops,4,938.05,0.11,3752.2,3339.46,92,1466.45,875463.2
TXN00330,2026-03-22,CUST0226,West,Phones,9,419.61,0.08,3776.49,3474.37,90,763.51,879239.69
TXN00468,2026-03-22,CUST0173,West,Accessories,7,191.51,0.04,1340.57,1286.95,133,103.54,880580.26
TXN00752,2026-03-22,CUST0157,South,Accessories,4,185.01,0.12,740.04,651.24,147,103.54,881320.3
TXN00860,2026-03-22,CUST0434,South,Laptops,3,986.29,0.11,2958.87,2633.39,91,1466.45,884279.17
TXN00364,2026-03-23,CUST0322,South,Laptops,7,735.75,0.25,5150.25,3862.69,66,1466.45,889429.42
TXN00432,2026-03-23,CUST0032,North,Phones,6,994.17,0.14,5965.02,5129.92,62,763.51,895394.44
TXN00129,2026-03-24,CUST0309,West,Laptops,3,1709.87,0.2,5129.61,4103.69,68,1466.45,900524.05
TXN00325,2026-03-24,CUST0026,North,Laptops,6,1655.19,0.3,9931.14,6951.8,29,1466.45,910455.19
TXN00561,2026-03-24,CUST0464,West,Phones,6,1022.13,0.15,6132.78,5212.86,56,763.51,916587.97
TXN00155,2026-03-25,CUST0243,West,Laptops,3,1243.93,0.1,3731.79,3358.61,93,1466.45,920319.76
TXN00488,2026-03-25,CUST0290,South,Laptops,3,1599.69,0.26,4799.07,3551.31,72,1466.45,925118.83
TXN00233,2026-03-26,CUST0192,West,Phones,5,1111.87,0.01,5559.35,5503.76,63,763.51,930678.18
TXN00634,2026-03-26,CUST0395,West,Phones,4,697.03,0.05,2788.12,2648.71,104,763.51,933466.3
TXN00649,2026-03-26,CUST0441,East,Accessories,10,156.37,0.19,1563.7,1266.6,138,103.54,935030.0
TXN00762,2026-03-26,CUST0044,East,Phones,9,685.84,0.12,6172.56,5431.85,60,763.51,941202.56
TXN00677,2026-03-27,CUST0157,South,Laptops,6,1086.53,0.22,6519.18,5084.96,47,1466.45,947721.74
TXN00771,2026-03-27,CUST0331,North,Laptops,9,1266.42,0.05,11397.78,10827.89,22,1466.45,959119.52
TXN00536,2026-03-28,CUST0105,East,Accessories,2,169.71,0.05,339.42,322.45,224,103.54,959458.94
TXN00522,2026-03-29,CUST0152,South,Accessories,5,143.47,0.17,717.35,595.4,151,103.54,960176.29
TXN00872,2026-03-30,CUST0306,West,Accessories,8,68.2,0.29,545.6,387.38,179,103.54,960721.89
TXN00021,2026-03-31,CUST0152,North,Laptops,4,1946.15,0.02,7784.6,7628.91,42,1466.45,968506.49
TXN00112,2026-03-31,CUST0290,North,Phones,4,749.36,0.18,2997.44,2457.9,99,763.51,971503.93
TXN00179,2026-03-31,CUST0486,North,Laptops,5,1541.5,0.22,7707.5,6011.85,43,1466.45,979211.43
TXN00699,2026-03-31,CUST0452,North,Accessories,3,124.75,0.27,374.25,273.2,191,103.54,979585.68
TXN00754,2026-03-31,CUST0083,East,Laptops,3,1205.24,0.09,3615.72,3290.31,95,1466.45,983201.4
TXN00926,2026-03-31,CUST0159,East,Phones,10,1216.09,0.2,12160.9,9728.72,21,763.51,995362.3
TXN00181,2026-04-02,CUST0388,North,Laptops,10,976.76,0.13,9767.6,8497.81,31,1466.45,1005129.9
TXN00200,2026-04-03,CUST0294,East,Laptops,1,1645.97,0.05,1645.97,1563.67,131,1466.45,1006775.87
TXN00420,2026-04-03,CUST0394,East,Laptops,5,2037.31,0.09,10186.55,9269.76,31,1466.45,1016962.42
TXN00579,2026-04-03,,West,Accessories,4,116.02,0.23,464.08,357.34,186,103.54,1017426.5
TXN00854,2026-04-03,CUST0289,South,Phones,6,507.33,0.3,3043.98,2130.79,90,763.51,1020470.48
TXN00726,2026-04-06,CUST0183,West,Accessories,8,14.63,0.11,117.04,104.17,212,103.54,1020587.52
TXN00045,2026-04-07,CUST0237,South,Phones,8,844.7,0.03,6757.6,6554.87,45,763.51,1027345.12
TXN00785,2026-04-07,CUST0301,East,Laptops,7,2040.94,0.02,14286.58,14000.85,11,1466.45,1041631.7
TXN00774,2026-04-08,CUST0290,North,Laptops,1,1047.3,0.29,1047.3,743.58,151,1466.45,1042679.0
TXN00941,2026-04-08,CUST0457,East,Accessories,6,16.17,0.25,97.02,72.77,253,103.54,1042776.02
TXN00024,2026-04-09,CUST0199,South,Laptops,6,2191.28,0.04,13147.68,12621.77,8,1466.45,1055923.7
TXN00064,2026-04-09,CUST0069,South,Phones,8,1287.01,0.14,10296.08,8854.63,26,763.51,1066219.78
TXN00266,2026-04-09,CUST0372,West,Laptops,9,654.87,0.12,5893.83,5186.57,58,1466.45,1072113.61
TXN00611,2026-04-09,CUST0068,West,Laptops,3,2484.1,0.08,7452.3,6856.12,44,1466.45,1079565.91
TXN00869,2026-04-09,,East,Accessories,6,103.01,0.09,618.06,562.43,196,103.54,1080183.97
TXN00871,2026-04-09,CUST0004,North,Phones,3,1158.98,0.15,3476.94,2955.4,91,763.51,1083660.91
TXN00421,2026-04-10,CUST0366,South,Accessories,1,71.36,0.24,71.36,54.23,221,103.54,1083732.27
TXN00639,2026-04-10,CUST0280,West,Accessories,6,182.18,0.06,1093.08,1027.5,143,103.54,1084825.35
TXN00660,2026-04-10,CUST0418,North,Phones,6,1111.74,0.18,6670.44,5469.76,56,763.51,1091495.79
TXN00134,2026-04-11,CUST0397,East,Laptops,2,1348.61,0.13,2697.22,2346.58,112,1466.45,1094193.01
TXN00490,2026-04-11,CUST0370,West,Accessories,5,101.0,0.18,505.0,414.1,184,103.54,1094698.01
TXN00923,2026-04-11,CUST0150,South,Phones,8,919.1,0.06,7352.8,6911.63,40,763.51,1102050.81
TXN00542,2026-04-12,CUST0170,East,Phones,7,407.52,0.05,2852.64,2710.01,108,763.51,1104903.45
TXN00725,2026-04-12,CUST0353,East,Phones,1,387.57,0.01,387.57,383.69,219,763.51,1105291.02
TXN00912,2026-04-12,CUST0067,South,Accessories,7,58.89,0.14,412.23,354.52,177,103.54,1105703.25
TXN00530,2026-04-13,CUST0476,South,Phones,7,256.66,0.27,1796.62,1311.53,105,763.51,1107499.87
TXN00819,2026-04-13,,West,Laptops,8,837.51,0.25,6700.08,5025.06,50,1466.45,1114199.95
TXN00072,2026-04-14,CUST0410,North,Laptops,2,626.92,0.02,1253.84,1228.76,146,1466.45,1115453.79
TXN00113,2026-04-14,CUST0317,West,Phones,2,974.13,0.22,1948.26,1519.64,119,763.51,1117402.05
TXN00709,2026-04-14,CUST0224,East,Phones,8,469.15,0.27,3753.2,2739.84,93,763.51,1121155.25
TXN00013,2026-04-15,CUST0114,East,Phones,5,648.45,0.3,3242.25,2269.57,100,763.51,1124397.5
TXN00044,2026-04-15,CUST0304,North,Laptops,3,2483.03,0.24,7449.09,5661.31,46,1466.45,1131846.59
TXN00357,2026-04-15,CUST0170,West,Laptops,8,1886.59,0.16,15092.72,12677.88,8,1466.45,1146939.31
TXN00423,2026-04-15,CUST0287,West,Accessories,6,97.42,0.17,584.52,485.15,172,103.54,1147523.83
TXN00598,2026-04-15,CUST0419,North,Accessories,10,57.9,0.1,579.0,521.1,172,103.54,1148102.83
TXN00932,2026-04-15,CUST0161,East,Phones,1,828.83,0.12,828.83,729.37,173,763.51,1148931.66
TXN00008,2026-04-16,CUST0381,South,Accessories,9,38.84,0.29,349.56,248.19,182,103.54,1149281.22
TXN00184,2026-04-17,CUST0358,North,Accessories,7,72.25,0.16,505.75,424.83,182,103.54,1149786.97
TXN00235,2026-04-17,CUST0365,East,Accessories,1,73.41,0.12,73.41,64.6,255,103.54,1149860.38
TXN00874,2026-04-17,CUST0166,North,Laptops,2,833.09,0.06,1666.18,1566.21,124,1466.45,1151526.56
TXN00182,2026-04-18,CUST0386,West,Laptops,8,976.27,0.29,7810.16,5545.21,39,1466.45,1159336.72
TXN00269,2026-04-18,CUST0073,East,Phones,3,1017.91,0.09,3053.73,2778.89,103,763.51,1162390.45
TXN00553,2026-04-18,CUST0415,North,Accessories,1,166.45,0.25,166.45,124.84,217,103.54,1162556.9
TXN00779,2026-04-18,CUST0177,North,Accessories,10,174.19,0.08,1741.9,1602.55,123,103.54,1164298.8
TXN00478,2026-04-19,CUST0204,North,Accessories,2,135.19,0.13,270.38,235.23,201,103.54,1164569.18
TXN00277,2026-04-20,CUST0365,East,Laptops,2,782.48,0.13,1564.96,1361.52,137,1466.45,1166134.14
TXN00630,2026-04-20,CUST0084,North,Phones,1,1112.96,0.23,1112.96,856.98,149,763.51,1167247.1
TXN00314,2026-04-22,CUST0120,East,Laptops,8,1063.23,0.0,8505.84,8505.84,40,1466.45,1175752.94
TXN00747,2026-04-22,CUST0328,North,Accessories,3,9.7,0.03,29.1,28.23,242,103.54,1175782.04
TXN00580,2026-04-23,CUST0470,East,Laptops,9,994.71,0.23,8952.39,6893.34,36,1466.45,1184734.43
TXN00582,2026-04-23,CUST0133,South,Phones,1,948.75,0.19,948.75,768.49,134,763.51,1185683.18
TXN00018,2026-04-24,CUST0190,East,Accessories,6,161.54,0.01,969.24,959.55,161,103.54,1186652.42
TXN00162,2026-04-24,CUST0116,West,Laptops,3,2317.49,0.03,6952.47,6743.9,47,1466.45,1193604.89
TXN00355,2026-04-24,CUST0263,East,Accessories,5,63.16,0.13,315.8,274.75,226,103.54,1193920.69
TXN00450,2026-04-24,CUST0072,North,Accessories,2,113.52,0.02,227.04,222.5,208,103.54,1194147.73
TXN00751,2026-04-24,CUST0360,North,Laptops,8,1782.5,0.01,14260.0,14117.4,17,1466.45,1208407.73
TXN00145,2026-04-25,CUST0121,West,Accessories,7,185.79,0.02,1300.53,1274.52,135,103.54,1209708.26
TXN00763,2026-04-26,CUST0198,South,Accessories,1,35.95,0.2,35.95,28.76,226,103.54,1209744.21
TXN00059,2026-04-27,CUST0033,North,Phones,1,373.47,0.03,373.47,362.27,192,763.51,1210117.68
TXN00343,2026-04-27,CUST0129,North,Accessories,1,72.03,0.17,72.03,59.78,234,103.54,1210189.71
TXN00505,2026-04-27,CUST0465,West,Laptops,4,2491.28,0.12,9965.12,8769.31,23,1466.45,1220154.83
TXN00097,2026-04-28,,East,Phones,1,314.33,0.07,314.33,292.33,227,763.51,1220469.16
TXN00281,2026-04-29,CUST0393,North,Laptops,8,2343.18,0.09,18745.44,17058.35,6,1466.45,1239214.6
TXN00433,2026-04-29,CUST0269,South,Laptops,1,534.32,0.19,534.32,432.8,160,1466.45,1239748.92
TXN00496,2026-04-30,CUST0242,East,Phones,1,1184.34,0.23,1184.34,911.94,152,763.51,1240933.26
TXN00501,2026-04-30,CUST0402,South,Phones,7,1200.18,0.26,8401.26,6216.93,34,763.51,1249334.52
TXN00625,2026-04-30,CUST0250,North,Laptops,1,1963.01,0.08,1963.01,1805.97,117,1466.45,1251297.53
TXN00640,2026-04-30,CUST0321,East,Phones,1,608.03,0.21,608.03,480.34,198,763.51,1251905.56
TXN00321,2026-05-01,CUST0417,West,Accessories,10,94.64,0.08,946.4,870.69,152,103.54,1252851.96
TXN00601,2026-05-01,CUST0190,South,Laptops,1,1730.3,0.13,1730.3,1505.36,109,1466.45,1254582.26
TXN00141,2026-05-02,CUST0442,North,Laptops,6,920.5,0.16,5523.0,4639.32,66,1466.45,1260105.26
TXN00669,2026-05-03,CUST0028,West,Phones,7,768.52,0.24,5379.64,4088.53,65,763.51,1265484.9
TXN00673,2026-05-03,CUST0357,West,Phones,8,1257.29,0.06,10058.32,9454.82,21,763.51,1275543.22
TXN00761,2026-05-03,,South,Phones,4,292.35,0.3,1169.4,818.58,124,763.51,1276712.62
TXN00828,2026-05-03,CUST0165,West,Accessories,7,72.16,0.29,505.12,358.64,183,103.54,1277217.74
TXN00046,2026-05-04,CUST0438,North,Laptops,6,2382.69,0.22,14296.14,11150.99,16,1466.45,1291513.88
TXN00654,2026-05-04,CUST0201,West,Phones,5,496.36,0.2,2481.8,1985.44,107,763.51,1293995.68
TXN00073,2026-05-05,CUST0325,East,Phones,5,1260.03,0.17,6300.15,5229.12,58,763.51,1300295.83
TXN00083,2026-05-05,,East,Laptops,8,831.21,0.13,6649.68,5785.22,54,1466.45,1306945.51
TXN00300,2026-05-05,CUST0083,North,Phones,8,323.67,0.12,2589.36,2278.64,108,763.51,1309534.87
TXN00078,2026-05-06,CUST0073,South,Accessories,4,24.94,0.3,99.76,69.83,216,103.54,1309634.63
TXN00899,2026-05-06,CUST0369,East,Laptops,4,897.25,0.25,3589.0,2691.75,97,1466.45,1313223.63
TXN00199,2026-05-07,CUST0124,South,Phones,9,342.84,0.08,3085.56,2838.72,89,763.51,1316309.19
TXN00434,2026-05-08,CUST0102,South,Phones,5,284.98,0.05,1424.9,1353.66,117,763.51,1317734.09
TXN00584,2026-05-08,CUST0066,South,Accessories,5,24.04,0.09,120.2,109.38,212,103.54,1317854.29
TXN00745,2026-05-08,CUST0188,West,Accessories,10,79.68,0.19,796.8,645.41,162,103.54,1318651.09
TXN00927,2026-05-08,CUST0277,East,Phones,6,450.91,0.28,2705.46,1947.93,111,763.51,1321356.55
TXN00663,2026-05-09,,West,Accessories,8,125.65,0.02,1005.2,985.1,148,103.54,1322361.75
TXN00783,2026-05-09,CUST0154,North,Phones,6,800.26,0.13,4801.56,4177.36,77,763.51,1327163.31
TXN00354,2026-05-10,CUST0095,South,Laptops,10,1811.79,0.21,18117.9,14313.14,2,1466.45,1345281.21
TXN00671,2026-05-10,CUST0055,East,Accessories,6,80.26,0.2,481.56,385.25,208,103.54,1345762.77
TXN00948,2026-05-10,CUST0488,South,Phones,4,1275.42,0.13,5101.68,4438.46,67,763.51,1350864.45
TXN00905,2026-05-11,CUST0492,South,Laptops,1,2232.91,0.29,2232.91,1585.37,100,1466.45,1353097.36
TXN00924,2026-05-11,CUST0280,North,Accessories,10,90.81,0.23,908.1,699.24,157,103.54,1354005.46
TXN00213,2026-05-12,CUST0257,West,Laptops,5,1867.62,0.02,9338.1,9151.34,27,1466.45,1363343.56
TXN00554,2026-05-12,CUST0013,South,Laptops,7,2222.95,0.1,15560.65,14004.58,4,1466.45,1378904.21
TXN00633,2026-05-13,CUST0178,East,Laptops,3,1914.8,0.23,5744.4,4423.19,67,1466.45,1384648.61
TXN00749,2026-05-14,CUST0025,South,Laptops,4,2385.11,0.11,9540.44,8490.99,29,1466.45,1394189.05
TXN00251,2026-05-15,CUST0059,East,Laptops,8,2292.0,0.2,18336.0,14668.8,5,1466.45,1412525.05
TXN00939,2026-05-16,CUST0171,West,Phones,1,377.16,0.08,377.16,346.99,191,763.51,1412902.21
TXN00322,2026-05-17,,South,Laptops,6,947.19,0.26,5683.14,4205.52,59,1466.45,1418585.35
TXN00469,2026-05-17,CUST0098,South,Accessories,4,166.18,0.24,664.72,505.19,153,103.54,1419250.07
TXN00006,2026-05-18,CUST0192,South,Accessories,1,181.52,0.15,181.52,154.29,199,103.54,1419431.59
TXN00186,2026-05-18,CUST0135,East,Accessories,3,79.49,0.08,238.47,219.39,235,103.54,1419670.06
TXN00275,2026-05-18,CUST0104,East,Laptops,5,922.82,0.01,4614.1,4567.96,81,1466.45,1424284.16
TXN00077,2026-05-20,CUST0276,South,Phones,4,920.57,0.17,3682.28,3056.29,83,763.51,1427966.44
TXN00069,2026-05-21,CUST0279,South,Accessories,4,65.0,0.22,260.0,202.8,191,103.54,1428226.44
TXN00096,2026-05-21,CUST0480,West,Accessories,1,151.61,0.29,151.61,107.64,208,103.54,1428378.05
TXN00348,2026-05-21,CUST0439,North,Laptops,5,755.49,0.16,3777.45,3173.06,89,1466.45,1432155.5
TXN00603,2026-05-21,CUST0023,North,Accessories,7,43.85,0.26,306.95,227.14,196,103.54,1432462.45
TXN00798,2026-05-21,CUST0159,North,Laptops,1,1829.7,0.21,1829.7,1445.46,121,1466.45,1434292.15
TXN00153,2026-05-22,CUST0353,North,Laptops,3,1830.83,0.01,5492.49,5437.57,68,1466.45,1439784.64
TXN00234,2026-05-22,CUST0238,North,Laptops,9,1222.8,0.2,11005.2,8804.16,23,1466.45,1450789.84
TXN00590,2026-05-22,CUST0253,East,Accessories,5,139.21,0.05,696.05,661.25,186,103.54,1451485.89
TXN00847,2026-05-22,,South,Accessories,1,141.71,0.05,141.71,134.62,208,103.54,1451627.6
TXN00043,2026-05-23,CUST0299,South,Phones,10,592.13,0.23,5921.3,4559.4,57,763.51,1457548.9
TXN00470,2026-05-23,CUST0058,West,Laptops,8,794.56,0.29,6356.48,4513.1,54,1466.45,1463905.38
TXN00940,2026-05-23,CUST0309,East,Phones,4,405.88,0.18,1623.52,1331.29,133,763.51,1465528.9
TXN00098,2026-05-24,CUST0452,East,Laptops,5,1727.21,0.02,8636.05,8463.33,38,1466.45,1474164.95
TXN00124,2026-05-24,CUST0024,East,Accessories,10,52.66,0.21,526.6,416.01,205,103.54,1474691.55
TXN00395,2026-05-24,CUST0079,South,Accessories,7,64.0,0.06,448.0,421.12,170,103.54,1475139.55
TXN00801,2026-05-24,CUST0375,North,Accessories,2,79.03,0.26,158.06,116.96,219,103.54,1475297.61
TXN00121,2026-05-25,CUST0352,West,Accessories,3,94.78,0.1,284.34,255.91,198,103.54,1475581.95
TXN00253,2026-05-25,CUST0057,North,Accessories,2,177.0,0.29,354.0,251.34,193,103.54,1475935.95
TXN00589,2026-05-25,CUST0313,East,Laptops,8,994.49,0.11,7955.92,7080.77,44,1466.45,1483891.87
TXN00886,2026-05-25,CUST0388,East,Laptops,8,1594.89,0.02,12759.12,12503.94,18,1466.45,1496650.99
TXN00393,2026-05-26,CUST0295,West,Phones,10,220.82,0.16,2208.2,1854.89,112,763.51,1498859.19
TXN00441,2026-05-26,CUST0219,East,Accessories,3,181.6,0.11,544.8,484.87,204,103.54,1499403.99
TXN00544,2026-05-26,CUST0256,South,Accessories,5,69.03,0.04,345.15,331.34,183,103.54,1499749.14
TXN00818,2026-05-26,CUST0454,East,Accessories,2,28.75,0.07,57.5,53.47,258,103.54,1499806.64
TXN00202,2026-05-27,CUST0150,East,Phones,1,891.23,0.19,891.23,721.9,169,763.51,1500697.87
TXN00106,2026-05-28,CUST0134,West,Accessories,5,116.78,0.11,583.9,519.67,173,103.54,1501281.77
TXN00523,2026-05-28,CUST0125,East,Phones,2,1032.51,0.28,2065.02,1486.81,122,763.51,1503346.79
TXN00558,2026-05-28,CUST0116,North,Phones,5,731.6,0.29,3658.0,2597.18,90,763.51,1507004.79
TXN00702,2026-05-29,,North,Laptops,4,2453.86,0.26,9815.44,7263.43,30,1466.45,1516820.23
TXN00910,2026-05-29,CUST0431,South,Laptops,5,1066.22,0.17,5331.1,4424.81,64,1466.45,1522151.33
TXN00944,2026-05-29,CUST0270,North,Accessories,3,51.6,0.16,154.8,130.03,220,103.54,1522306.13
TXN00150,2026-05-30,CUST0061,East,Accessories,2,113.93,0.05,227.86,216.47,239,103.54,1522533.99
TXN00264,2026-05-30,CUST0389,East,Laptops,7,2036.02,0.17,14252.14,11829.28,13,1466.45,1536786.13
TXN00648,2026-05-30,,South,Laptops,10,674.26,0.05,6742.6,6405.47,46,1466.45,1543528.73
TXN00706,2026-05-30,CUST0264,East,Laptops,1,2172.38,0.22,2172.38,1694.46,119,1466.45,1545701.11
TXN00328,2026-06-02,CUST0317,North,Accessories,6,83.58,0.2,501.48,401.18,183,103.54,1546202.59
TXN00401,2026-06-03,CUST0164,South,Accessories,7,103.17,0.12,722.19,635.53,149,103.54,1546924.78
TXN00855,2026-06-03,CUST0164,East,Accessories,6,124.19,0.3,745.14,521.6,182,103.54,1547669.92
TXN00009,2026-06-04,CUST0108,North,Laptops,9,1172.68,0.02,10554.12,10343.04,27,1466.45,1558224.04
TXN00148,2026-06-04,,South,Phones,1,691.25,0.04,691.25,663.6,152,763.51,1558915.29
TXN00402,2026-06-04,CUST0258,North,Laptops,2,1670.22,0.24,3340.44,2538.73,96,1466.45,1562255.73
TXN00610,2026-06-04,CUST0494,West,Accessories,6,126.51,0.12,759.06,667.97,163,103.54,1563014.79
TXN00733,2026-06-04,CUST0396,West,Phones,6,1096.36,0.1,6578.16,5920.34,53,763.51,1569592.95
TXN00922,2026-06-04,CUST0425,West,Laptops,4,1326.74,0.06,5306.96,4988.54,66,1466.45,1574899.91
TXN00216,2026-06-05,CUST0196,North,Laptops,1,604.7,0.1,604.7,544.23,169,1466.45,1575504.61
TXN00279,2026-06-05,CUST0091,South,Accessories,1,68.77,0.26,68.77,50.89,222,103.54,1575573.38
TXN00373,2026-06-05,CUST0019,South,Phones,5,587.21,0.18,2936.05,2407.56,92,763.51,1578509.43
TXN00778,2026-06-05,CUST0277,West,Accessories,1,152.84,0.07,152.84,142.14,207,103.54,1578662.27
TXN00577,2026-06-06,,East,Laptops,8,1781.75,0.06,14254.0,13398.76,12,1466.45,1592916.27
TXN00546,2026-06-07,CUST0273,East,Accessories,5,166.65,0.11,833.25,741.59,172,103.54,1593749.52
TXN00853,2026-06-07,CUST0001,East,Accessories,1,53.27,0.11,53.27,47.41,259,103.54,1593802.79
TXN00041,2026-06-08,CUST0411,North,Phones,2,1026.81,0.24,2053.62,1560.75,113,763.51,1595856.41
TXN00394,2026-06-08,CUST0351,South,Phones,3,795.46,0.26,2386.38,1765.92,99,763.51,1598242.79
TXN00239,2026-06-09,CUST0382,West,Laptops,9,1432.75,0.17,12894.75,10702.64,13,1466.45,1611137.54
TXN00600,2026-06-09,CUST0036,East,Laptops,1,945.37,0.26,945.37,699.57,164,1466.45,1612082.91
TXN00714,2026-06-09,CUST0146,North,Accessories,9,145.59,0.15,1310.31,1113.76,137,103.54,1613393.22
TXN00727,2026-06-09,CUST0312,South,Phones,1,1167.93,0.21,1167.93,922.66,125,763.51,1614561.15
TXN00095,2026-06-10,CUST0117,East,Laptops,7,2168.48,0.23,15179.36,11688.11,8,1466.45,1629740.51
TXN00788,2026-06-10,CUST0440,West,Accessories,4,61.41,0.09,245.64,223.53,200,103.54,1629986.15
TXN00262,2026-06-11,CUST0401,East,Accessories,10,117.49,0.21,1174.9,928.17,153,103.54,1631161.05
TXN00666,2026-06-11,CUST0166,South,Accessories,4,187.4,0.12,749.6,659.65,146,103.54,1631910.65
TXN00168,2026-06-12,CUST0422,East,Phones,3,994.0,0.22,2982.0,2325.96,104,763.51,1634892.65
TXN00303,2026-06-12,CUST0296,East,Laptops,5,1820.76,0.06,9103.8,8557.57,35,1466.45,1643996.45
TXN00551,2026-06-12,CUST0456,East,Phones,5,1228.95,0.13,6144.75,5345.93,61,763.51,1650141.2
TXN00591,2026-06-12,CUST0099,North,Accessories,3,21.42,0.21,64.26,50.77,238,103.54,1650205.46
TXN00631,2026-06-12,CUST0456,South,Accessories,10,30.42,0.3,304.2,212.94,186,103.54,1650509.66
TXN00711,2026-06-13,CUST0411,West,Phones,1,363.92,0.12,363.92,320.25,194,763.51,1650873.58
TXN00776,2026-06-13,CUST0175,North,Laptops,8,618.83,0.09,4950.64,4505.08,75,1466.45,1655824.22
TXN00130,2026-06-14,CUST0446,North,Laptops,8,2367.74,0.23,18941.92,14585.28,5,1466.45,1674766.14
TXN00756,2026-06-14,CUST0500,West,Accessories,7,163.19,0.16,1142.33,959.56,142,103.54,1675908.47
TXN00345,2026-06-15,CUST0357,North,Laptops,10,1500.32,0.12,15003.2,13202.82,12,1466.45,1690911.67
TXN00246,2026-06-16,CUST0185,North,Accessories,1,44.71,0.29,44.71,31.74,240,103.54,1690956.38
TXN00430,2026-06-16,CUST0023,North,Accessories,1,190.49,0.29,190.49,135.25,211,103.54,1691146.87
TXN00545,2026-06-16,CUST0470,West,Phones,10,480.87,0.02,4808.7,4712.53,75,763.51,1695955.57
TXN00111,2026-06-17,CUST0220,West,Accessories,1,121.4,0.07,121.4,112.9,211,103.54,1696076.97
TXN00585,2026-06-17,CUST0438,North,Accessories,10,55.46,0.24,554.6,421.5,175,103.54,1696631.57
TXN00837,2026-06-17,CUST0493,East,Laptops,10,600.21,0.05,6002.1,5702.0,64,1466.45,1702633.67
TXN00230,2026-06-18,CUST0121,East,Laptops,1,1453.91,0.08,1453.91,1337.6,141,1466.45,1704087.58
TXN00244,2026-06-18,CUST0280,West,Laptops,2,2352.21,0.06,4704.42,4422.15,76,1466.45,1708792.0
TXN00465,2026-06-18,CUST0057,East,Accessories,5,192.16,0.12,960.8,845.5,162,103.54,1709752.8
TXN00504,2026-06-18,CUST0044,North,Phones,10,967.33,0.11,9673.3,8609.24,32,763.51,1719426.1
TXN00814,2026-06-18,CUST0205,West,Accessories,8,47.32,0.07,378.56,352.06,190,103.54,1719804.66
TXN00879,2026-06-18,CUST0461,East,Phones,5,937.43,0.15,4687.15,3984.08,79,763.51,1724491.81
TXN00885,2026-06-18,CUST0341,East,Accessories,1,179.34,0.05,179.34,170.37,243,103.54,1724671.15
TXN00250,2026-06-19,CUST0102,North,Accessories,2,113.44,0.15,226.88,192.85,209,103.54,1724898.03
TXN00324,2026-06-19,CUST0499,South,Phones,7,749.24,0.2,5244.68,4195.74,65,763.51,1730142.71
TXN00457,2026-06-19,CUST0028,West,Accessories,6,133.37,0.25,800.22,600.16,160,103.54,1730942.93
TXN00483,2026-06-19,,West,Accessories,1,42.36,0.14,42.36,36.43,217,103.54,1730985.29
TXN00621,2026-06-19,CUST0290,North,Accessories,10,15.15,0.15,151.5,128.78,222,103.54,1731136.79
TXN00691,2026-06-19,CUST0382,North,Laptops,4,2298.18,0.13,9192.72,7997.67,34,1466.45,1740329.51
TXN00693,2026-06-19,CUST0497,South,Accessories,6,155.02,0.29,930.12,660.39,135,103.54,1741259.63
TXN00903,2026-06-19,CUST0467,West,Phones,1,972.78,0.28,972.78,700.4,150,763.51,1742232.41
TXN00712,2026-06-20,CUST0337,North,Phones,6,216.87,0.23,1301.22,1001.94,138,763.51,1743533.63
TXN00143,2026-06-21,CUST0310,East,Phones,2,876.27,0.13,1752.54,1524.71,126,763.51,1745286.17
TXN00298,2026-06-21,CUST0005,South,Accessories,5,44.4,0.18,222.0,182.04,193,103.54,1745508.17
TXN00462,2026-06-21,CUST0236,South,Accessories,8,160.48,0.16,1283.84,1078.43,120,103.54,1746792.01
TXN00570,2026-06-21,CUST0452,North,Accessories,7,74.6,0.01,522.2,516.98,179,103.54,1747314.21
TXN00493,2026-06-22,CUST0294,East,Laptops,1,1594.07,0.14,1594.07,1370.9,135,1466.45,1748908.28
TXN00257,2026-06-23,CUST0269,East,Phones,7,679.38,0.26,4755.66,3519.19,78,763.51,1753663.94
TXN00492,2026-06-23,CUST0015,North,Laptops,10,1165.57,0.06,11655.7,10956.36,21,1466.45,1765319.64
TXN00846,2026-06-23,CUST0210,East,Accessories,10,173.61,0.27,1736.1,1267.35,127,103.54,1767055.74
TXN00593,2026-06-24,CUST0323,East,Accessories,10,152.73,0.01,1527.3,1512.03,139,103.54,1768583.04
TXN00842,2026-06-24,CUST0312,North,Laptops,9,821.09,0.28,7389.81,5320.66,47,1466.45,1775972.85
TXN00248,2026-06-25,CUST0164,East,Phones,1,695.42,0.03,695.42,674.56,187,763.51,1776668.27
TXN00327,2026-06-25,CUST0435,North,Laptops,10,2114.43,0.02,21144.3,20721.41,3,1466.45,1797812.57
TXN00443,2026-06-25,CUST0391,South,Phones,10,1168.53,0.12,11685.3,10283.06,16,763.51,1809497.87
TXN00615,2026-06-25,CUST0138,North,Laptops,8,1793.4,0.03,14347.2,13916.78,15,1466.45,1823845.07
TXN00750,2026-06-25,CUST0044,North,Accessories,3,182.46,0.08,547.38,503.59,176,103.54,1824392.45
TXN00626,2026-06-26,CUST0086,South,Accessories,8,155.37,0.22,1242.96,969.51,121,103.54,1825635.41
TXN00309,2026-06-28,CUST0246,West,Phones,8,697.61,0.05,5580.88,5301.84,62,763.51,1831216.29
TXN00428,2026-06-29,CUST0337,North,Phones,9,542.69,0.25,4884.21,3663.16,76,763.51,1836100.5
TXN00429,2026-06-29,CUST0171,West,Accessories,10,56.88,0.2,568.8,455.04,175,103.54,1836669.3
TXN00697,2026-06-29,CUST0156,West,Phones,7,667.68,0.11,4673.76,4159.65,78,763.51,1841343.06
TXN00700,2026-06-29,CUST0101,South,Phones,9,432.06,0.29,3888.54,2760.86,80,763.51,1845231.6
TXN00102,2026-06-30,CUST0156,North,Phones,8,546.75,0.18,4374.0,3586.68,81,763.51,1849605.6
TXN00192,2026-06-30,CUST0327,North,Laptops,9,1799.17,0.03,16192.53,15706.75,10,1466.45,1865798.13
TXN00371,2026-07-02,CUST0030,West,Accessories,10,146.2,0.0,1462.0,1462.0,130,103.54,1867260.13
TXN00384,2026-07-02,CUST0019,West,Phones,9,765.92,0.06,6893.28,6479.68,48,763.51,1874153.41
TXN00411,2026-07-02,CUST0162,North,Laptops,1,1628.59,0.09,1628.59,1482.02,126,1466.45,1875782.0
TXN00014,2026-07-03,CUST0155,North,Phones,10,254.94,0.17,2549.4,2116.0,109,763.51,1878331.4
TXN00290,2026-07-03,CUST0304,West,Accessories,3,186.69,0.22,560.07,436.85,177,103.54,1878891.47
TXN00317,2026-07-04,CUST0097,South,Accessories,3,91.69,0.25,275.07,206.3,190,103.54,1879166.54
TXN00417,2026-07-04,CUST0226,East,Phones,2,280.1,0.18,560.2,459.36,203,763.51,1879726.74
TXN00427,2026-07-04,CUST0478,West,Accessories,5,198.18,0.03,990.9,961.17,149,103.54,1880717.64
TXN00489,2026-07-04,CUST0427,East,Accessories,7,176.8,0.2,1237.6,990.08,150,103.54,1881955.24
TXN00612,2026-07-04,CUST0091,North,Phones,10,926.02,0.22,9260.2,7222.96,33,763.51,1891215.44
TXN00622,2026-07-04,CUST0401,West,Phones,4,833.06,0.29,3332.24,2365.89,96,763.51,1894547.68
TXN00716,2026-07-04,CUST0256,South,Accessories,1,35.94,0.25,35.94,26.96,227,103.54,1894583.62
TXN00721,2026-07-04,CUST0282,North,Phones,1,508.68,0.05,508.68,483.25,181,763.51,1895092.3
TXN00127,2026-07-05,CUST0203,West,Phones,5,547.57,0.13,2737.85,2381.93,105,763.51,1897830.15
TXN00197,2026-07-05,CUST0114,West,Phones,5,297.96,0.15,1489.8,1266.33,129,763.51,1899319.95
TXN00607,2026-07-05,CUST0042,North,Accessories,10,165.86,0.16,1658.6,1393.22,125,103.54,1900978.55
TXN00806,2026-07-05,CUST0344,North,Laptops,9,1904.66,0.11,17141.94,15256.33,8,1466.45,1918120.49
TXN00035,2026-07-06,CUST0085,East,Laptops,10,860.69,0.01,8606.9,8520.83,39,1466.45,1926727.39
TXN00310,2026-07-06,CUST0373,North,Phones,7,784.99,0.16,5494.93,4615.74,67,763.51,1932222.32
TXN00379,2026-07-06,CUST0033,East,Laptops,10,2218.17,0.12,22181.7,19519.9,2,1466.45,1954404.02
TXN00698,2026-07-06,CUST0108,South,Phones,3,1253.38,0.23,3760.14,2895.31,82,763.51,1958164.16
TXN00082,2026-07-07,CUST0117,South,Accessories,6,130.56,0.13,783.36,681.52,142,103.54,1958947.52
TXN00376,2026-07-07,CUST0277,North,Accessories,5,49.42,0.23,247.1,190.27,205,103.54,1959194.62
TXN00929,2026-07-07,CUST0407,North,Phones,2,947.44,0.17,1894.88,1572.75,120,763.51,1961089.5
TXN00022,2026-07-08,CUST0211,West,Accessories,4,135.66,0.17,542.64,450.39,181,103.54,1961632.14
TXN00091,2026-07-10,CUST0282,South,Laptops,6,2495.87,0.1,14975.22,13477.7,5,1466.45,1976607.36
TXN00165,2026-07-11,CUST0448,South,Accessories,1,105.39,0.19,105.39,85.37,214,103.54,1976712.75
TXN00563,2026-07-11,CUST0474,East,Phones,6,213.12,0.12,1278.72,1125.27,146,763.51,1977991.47
TXN00368,2026-07-12,CUST0073,South,Accessories,10,151.57,0.2,1515.7,1212.56,114,103.54,1979507.17
TXN00592,2026-07-12,CUST0077,North,Phones,6,953.04,0.01,5718.24,5661.06,65,763.51,1985225.41
TXN00597,2026-07-12,CUST0034,West,Laptops,9,1105.46,0.18,9949.14,8158.29,24,1466.45,1995174.55
TXN00710,2026-07-12,CUST0135,East,Phones,5,973.11,0.17,4865.55,4038.41,76,763.51,2000040.1
TXN00743,2026-07-12,CUST0449,South,Accessories,1,167.67,0.04,167.67,160.96,202,103.54,2000207.77
TXN00884,2026-07-12,CUST0306,West,Accessories,8,15.46,0.2,123.68,98.94,209,103.54,2000331.45
TXN00888,2026-07-13,CUST0457,West,Laptops,7,1316.73,0.26,9217.11,6820.66,29,1466.45,2009548.56
TXN00909,2026-07-13,CUST0201,North,Accessories,3,98.27,0.18,294.81,241.74,200,103.54,2009843.37
TXN00907,2026-07-14,CUST0152,East,Laptops,10,1020.55,0.1,10205.5,9184.95,30,1466.45,2020048.87
TXN00946,2026-07-14,CUST0079,South,Laptops,5,1353.79,0.05,6768.95,6430.5,44,1466.45,2026817.82
TXN00278,2026-07-15,CUST0481,South,Accessories,9,88.93,0.24,800.37,608.28,141,103.54,2027618.19
TXN00398,2026-07-15,CUST0411,East,Accessories,9,88.65,0.01,797.85,789.87,175,103.54,2028416.04
TXN00419,2026-07-15,CUST0303,East,Phones,4,1146.37,0.1,4585.48,4126.93,83,763.51,2033001.52
TXN00572,2026-07-15,CUST0460,East,Accessories,4,188.39,0.04,753.56,723.42,181,103.54,2033755.08
TXN00800,2026-07-16,CUST0200,East,Accessories,10,65.86,0.16,658.6,553.22,188,103.54,2034413.68
TXN00032,2026-07-17,CUST0306,North,Laptops,6,1818.3,0.07,10909.8,10146.11,25,1466.45,2045323.48
TXN00295,2026-07-17,CUST0010,South,Laptops,6,1819.75,0.27,10918.5,7970.5,21,1466.45,2056241.98
TXN00617,2026-07-17,CUST0205,North,Laptops,6,1162.85,0.27,6977.1,5093.28,51,1466.45,2063219.08
TXN00614,2026-07-18,CUST0160,East,Phones,10,1137.66,0.16,11376.6,9556.34,24,763.51,2074595.68
TXN00623,2026-07-18,CUST0089,North,Accessories,3,100.76,0.04,302.28,290.19,198,103.54,2074897.96
TXN00094,2026-07-19,CUST0385,South,Accessories,2,139.09,0.17,278.18,230.89,189,103.54,2075176.14
TXN00301,2026-07-19,CUST0051,West,Accessories,9,142.09,0.05,1278.81,1214.87,136,103.54,2076454.95
TXN00665,2026-07-19,CUST0128,South,Laptops,9,1246.29,0.22,11216.61,8748.96,18,1466.45,2087671.56
TXN00704,2026-07-19,CUST0414,West,Accessories,10,103.33,0.25,1033.3,774.97,145,103.54,2088704.86
TXN00265,2026-07-21,CUST0134,East,Accessories,3,121.46,0.28,364.38,262.35,220,103.54,2089069.24
TXN00370,2026-07-21,CUST0451,West,Phones,9,1038.43,0.01,9345.87,9252.41,26,763.51,2098415.11
TXN00439,2026-07-21,CUST0011,East,Laptops,3,876.72,0.27,2630.16,1920.02,114,1466.45,2101045.27
TXN00883,2026-07-21,CUST0313,East,Accessories,7,165.15,0.04,1156.05,1109.81,154,103.54,2102201.32
TXN00331,2026-07-22,CUST0412,East,Accessories,7,35.74,0.03,250.18,242.67,233,103.54,2102451.5
TXN00133,2026-07-23,CUST0243,West,Laptops,2,832.82,0.01,1665.64,1648.98,126,1466.45,2104117.14
TXN00480,2026-07-24,CUST0410,North,Accessories,8,195.76,0.04,1566.08,1503.44,127,103.54,2105683.22
TXN00491,2026-07-24,CUST0427,West,Phones,1,652.67,0.09,652.67,593.93,166,763.51,2106335.89
TXN00012,2026-07-25,CUST0003,West,Laptops,5,510.78,0.22,2553.9,1992.04,106,1466.45,2108889.79
TXN00571,2026-07-25,CUST0473,South,Accessories,2,29.73,0.13,59.46,51.73,223,103.54,2108949.25
TXN00635,2026-07-26,CUST0437,East,Accessories,7,84.78,0.12,593.46,522.24,199,103.54,2109542.71
TXN00945,2026-07-26,CUST0255,North,Accessories,8,94.14,0.01,753.12,745.59,164,103.54,2110295.83
TXN00467,2026-07-27,CUST0193,West,Accessories,2,120.66,0.07,241.32,224.43,201,103.54,2110537.15
TXN00564,2026-07-28,CUST0284,South,Accessories,1,82.16,0.15,82.16,69.84,219,103.54,2110619.31
TXN00668,2026-07-28,CUST0131,East,Laptops,5,2458.57,0.05,12292.85,11678.21,19,1466.45,2122912.16
TXN00050,2026-07-29,CUST0150,East,Accessories,4,190.07,0.02,760.28,745.07,179,103.54,2123672.44
TXN00498,2026-07-29,CUST0415,North,Accessories,1,163.73,0.08,163.73,150.63,218,103.54,2123836.17
TXN00177,2026-07-30,CUST0370,East,Laptops,3,1560.02,0.22,4680.06,3650.45,80,1466.45,2128516.23
TXN00573,2026-07-30,CUST0392,North,Accessories,3,31.49,0.29,94.47,67.07,231,103.54,2128610.7
TXN00688,2026-07-30,,South,Laptops,5,924.54,0.27,4622.7,3374.57,74,1466.45,2133233.4
TXN00790,2026-07-30,CUST0348,West,Phones,9,829.01,0.04,7461.09,7162.65,43,763.51,2140694.49
TXN00052,2026-07-31,CUST0153,East,Laptops,1,1727.95,0.1,1727.95,1555.16,129,1466.45,2142422.44
TXN00144,2026-07-31,CUST0003,East,Phones,1,1204.42,0.2,1204.42,963.54,151,763.51,2143626.86
TXN00205,2026-07-31,CUST0057,South,Phones,6,417.63,0.03,2505.78,2430.61,96,763.51,2146132.64
TXN00334,2026-07-31,CUST0001,West,Phones,9,326.51,0.16,2938.59,2468.42,103,763.51,2149071.23
TXN00659,2026-07-31,CUST0254,East,Laptops,7,1145.11,0.21,8015.77,6332.46,43,1466.45,2157087.0
TXN00822,2026-07-31,CUST0111,East,Accessories,9,159.69,0.27,1437.21,1049.16,142,103.54,2158524.21
TXN00152,2026-08-01,CUST0373,West,Phones,9,537.89,0.22,4841.01,3775.99,74,763.51,2163365.22
TXN00437,2026-08-01,CUST0339,East,Laptops,2,813.82,0.18,1627.64,1334.66,132,1466.45,2164992.86
TXN00521,2026-08-01,CUST0053,West,Phones,1,825.37,0.21,825.37,652.04,159,763.51,2165818.23
TXN00748,2026-08-01,,North,Accessories,6,175.69,0.24,1054.14,801.15,150,103.54,2166872.37
TXN00894,2026-08-01,CUST0368,North,Accessories,3,62.35,0.2,187.05,149.64,212,103.54,2167059.42
TXN00071,2026-08-02,CUST0036,North,Accessories,1,67.54,0.13,67.54,58.76,236,103.54,2167126.96
TXN00742,2026-08-02,CUST0267,West,Laptops,3,723.05,0.01,2169.15,2147.46,114,1466.45,2169296.11
TXN00893,2026-08-02,CUST0284,West,Accessories,7,144.72,0.27,1013.04,739.52,147,103.54,2170309.15
TXN00089,2026-08-03,CUST0192,North,Laptops,5,766.9,0.15,3834.5,3259.32,87,1466.45,2174143.65
TXN00100,2026-08-03,CUST0290,North,Accessories,6,140.45,0.18,842.7,691.01,161,103.54,2174986.35
TXN00120,2026-08-03,CUST0145,West,Phones,8,945.14,0.15,7561.12,6426.95,41,763.51,2182547.47
TXN00308,2026-08-03,CUST0422,North,Phones,4,742.58,0.2,2970.32,2376.26,101,763.51,2185517.79
TXN00389,2026-08-03,CUST0386,East,Phones,7,1112.6,0.06,7788.2,7320.91,47,763.51,2193305.99
TXN00512,2026-08-04,CUST0074,West,Phones,3,1132.63,0.17,3397.89,2820.25,95,763.51,2196703.88
TXN00789,2026-08-04,CUST0090,East,Laptops,10,1215.48,0.04,12154.8,11668.61,22,1466.45,2208858.68
TXN00076,2026-08-05,CUST0212,East,Accessories,8,61.07,0.1,488.56,439.7,207,103.54,2209347.24
TXN00191,2026-08-05,CUST0155,North,Laptops,9,982.56,0.04,8843.04,8489.32,36,1466.45,2218190.28
TXN00794,2026-08-05,CUST0458,South,Accessories,7,119.73,0.09,838.11,762.68,137,103.54,2219028.39
TXN00217,2026-08-06,CUST0085,North,Laptops,7,1435.87,0.11,10051.09,8945.47,28,1466.45,2229079.48
TXN00302,2026-08-06,CUST0153,South,Accessories,1,33.2,0.22,33.2,25.9,229,103.54,2229112.68
TXN00843,2026-08-06,CUST0458,East,Accessories,7,25.09,0.18,175.63,144.02,244,103.54,2229288.31
TXN00667,2026-08-07,CUST0167,East,Laptops,10,2353.21,0.27,23532.1,17178.43,1,1466.45,2252820.41
TXN00746,2026-08-07,CUST0349,North,Phones,9,224.43,0.14,2019.87,1737.09,115,763.51,2254840.28
TXN00351,2026-08-08,CUST0472,East,Phones,1,635.78,0.09,635.78,578.56,191,763.51,2255476.06
TXN00456,2026-08-08,CUST0061,West,Laptops,5,752.86,0.01,3764.3,3726.66,91,1466.45,2259240.36
TXN00687,2026-08-08,CUST0425,West,Accessories,10,114.59,0.28,1145.9,825.05,141,103.54,2260386.26
TXN00722,2026-08-08,CUST0377,South,Phones,3,394.17,0.11,1182.51,1052.43,123,763.51,2261568.77
TXN00125,2026-08-09,CUST0269,South,Accessories,10,132.93,0.02,1329.3,1302.71,118,103.54,2262898.07
TXN00139,2026-08-09,CUST0315,South,Laptops,2,820.81,0.21,1641.62,1296.88,112,1466.45,2264539.69
TXN00835,2026-08-09,CUST0408,South,Laptops,1,831.73,0.11,831.73,740.24,138,1466.45,2265371.42
TXN00915,2026-08-10,CUST0273,North,Accessories,1,68.98,0.29,68.98,48.98,235,103.54,2265440.4
TXN00004,2026-08-11,CUST0215,North,Phones,9,608.36,0.09,5475.24,4982.47,70,763.51,2270915.64
TXN00624,2026-08-12,CUST0146,West,Accessories,9,42.61,0.21,383.49,302.96,189,103.54,2271299.13
TXN00231,2026-08-13,CUST0035,East,Phones,8,979.01,0.2,7832.08,6265.66,46,763.51,2279131.21
TXN00285,2026-08-13,CUST0074,North,Laptops,3,1774.03,0.2,5322.09,4257.67,72,1466.45,2284453.3
TXN00602,2026-08-13,CUST0056,West,Laptops,6,918.37,0.01,5510.22,5455.12,64,1466.45,2289963.52
TXN00596,2026-08-14,CUST0318,East,Accessories,7,34.74,0.26,243.18,179.95,234,103.54,2290206.7
TXN00729,2026-08-14,CUST0244,North,Laptops,9,696.37,0.18,6267.33,5139.21,58,1466.45,2296474.03
TXN00864,2026-08-14,CUST0439,North,Laptops,5,1475.52,0.2,7377.6,5902.08,49,1466.45,2303851.63
TXN00273,2026-08-15,CUST0214,East,Phones,6,529.53,0.03,3177.18,3081.86,102,763.51,2307028.81
TXN00374,2026-08-15,CUST0410,South,Phones,10,1184.58,0.27,11845.8,8647.43,14,763.51,2318874.61
TXN00158,2026-08-16,CUST0070,North,Phones,8,513.13,0.14,4105.04,3530.33,84,763.51,2322979.65
TXN00555,2026-08-16,CUST0068,North,Accessories,4,26.33,0.16,105.32,88.47,228,103.54,2323084.97
TXN00848,2026-08-16,CUST0341,South,Phones,6,835.58,0.25,5013.48,3760.11,70,763.51,2328098.45
TXN00280,2026-08-17,CUST0376,North,Phones,6,1012.8,0.14,6076.8,5226.05,59,763.51,2334175.25
TXN00353,2026-08-17,CUST0345,South,Phones,4,820.4,0.12,3281.6,2887.81,87,763.51,2337456.85
TXN00502,2026-08-17,CUST0061,East,Laptops,7,1970.35,0.08,13792.45,12689.05,14,1466.45,2351249.3
TXN00646,2026-08-17,CUST0344,West,Laptops,2,1192.62,0.27,2385.24,1741.23,110,1466.45,2353634.54
TXN00807,2026-08-17,CUST0110,North,Accessories,7,84.05,0.08,588.35,541.28,171,103.54,2354222.89
TXN00723,2026-08-18,CUST0446,South,Phones,5,950.86,0.09,4754.3,4326.41,73,763.51,2358977.19
TXN00811,2026-08-19,CUST0131,South,Accessories,3,192.88,0.19,578.64,468.7,156,103.54,2359555.83
TXN00647,2026-08-20,CUST0244,South,Accessories,9,47.8,0.17,430.2,357.07,173,103.54,2359986.03
TXN00695,2026-08-20,CUST0463,East,Accessories,1,89.27,0.25,89.27,66.95,254,103.54,2360075.3
TXN00880,2026-08-20,,West,Phones,5,634.87,0.12,3174.35,2793.43,100,763.51,2363249.65
TXN00900,2026-08-20,CUST0415,North,Accessories,9,155.04,0.25,1395.36,1046.52,134,103.54,2364645.01
TXN00103,2026-08-21,CUST0374,East,Laptops,6,1895.96,0.22,11375.76,8873.09,25,1466.45,2376020.77
TXN00196,2026-08-21,CUST0413,South,Laptops,5,2276.99,0.12,11384.95,10018.76,17,1466.45,2387405.72
TXN00241,2026-08-21,CUST0449,East,Accessories,1,158.37,0.09,158.37,144.12,246,103.54,2387564.09
TXN00845,2026-08-21,CUST0142,East,Phones,6,1278.02,0.04,7668.12,7361.4,48,763.51,2395232.21
TXN00898,2026-08-21,CUST0203,North,Laptops,9,563.24,0.2,5069.16,4055.33,74,1466.45,2400301.37
TXN00176,2026-08-22,CUST0445,West,Laptops,5,2126.56,0.15,10632.8,9037.88,19,1466.45,2410934.17
TXN00381,2026-08-22,CUST0358,South,Accessories,3,186.62,0.18,559.86,459.09,159,103.54,2411494.03
TXN00608,2026-08-22,CUST0464,West,Laptops,3,1901.59,0.24,5704.77,4335.63,61,1466.45,2417198.8
TXN00099,2026-08-23,CUST0123,South,Accessories,5,30.13,0.24,150.65,114.49,206,103.54,2417349.45
TXN00568,2026-08-23,CUST0092,South,Phones,3,873.33,0.22,2619.99,2043.59,95,763.51,2419969.44
TXN00629,2026-08-23,CUST0141,East,Laptops,4,1629.8,0.09,6519.2,5932.47,55,1466.45,2426488.64
TXN00651,2026-08-23,CUST0392,South,Accessories,7,75.83,0.28,530.81,382.18,161,103.54,2427019.45
TXN00930,2026-08-23,CUST0109,West,Laptops,1,611.11,0.2,611.11,488.89,170,1466.45,2427630.56
TXN00029,2026-08-24,CUST0437,South,Phones,2,259.71,0.02,519.42,509.03,165,763.51,2428149.98
TXN00271,2026-08-24,,North,Phones,5,292.44,0.1,1462.2,1315.98,129,763.51,2429612.18
TXN00426,2026-08-24,CUST0167,North,Accessories,1,130.63,0.28,130.63,94.05,224,103.54,2429742.81
TXN00500,2026-08-24,CUST0194,West,Phones,4,1266.16,0.07,5064.64,4710.12,70,763.51,2434807.45
TXN00918,2026-08-24,CUST0340,North,Phones,8,486.5,0.1,3892.0,3502.8,86,763.51,2438699.45
TXN00920,2026-08-24,CUST0462,East,Accessories,7,93.75,0.15,656.25,557.81,189,103.54,2439355.7
TXN00440,2026-08-25,CUST0283,North,Phones,4,319.3,0.17,1277.2,1060.08,144,763.51,2440632.9
TXN00128,2026-08-26,CUST0402,East,Phones,4,807.4,0.19,3229.6,2615.98,101,763.51,2443862.5
TXN00422,2026-08-26,CUST0383,South,Laptops,8,1837.07,0.29,14696.56,10434.56,6,1466.45,2458559.06
TXN00587,2026-08-26,CUST0313,South,Phones,9,226.53,0.02,2038.77,1997.99,102,763.51,2460597.83
TXN00312,2026-08-27,CUST0344,North,Accessories,4,76.57,0.02,306.28,300.15,197,103.54,2460904.11
TXN00851,2026-08-27,CUST0266,West,Phones,2,804.61,0.18,1609.22,1319.56,128,763.51,2462513.33
TXN00868,2026-08-27,CUST0159,East,Laptops,8,2124.7,0.21,16997.6,13428.1,6,1466.45,2479510.93
TXN00225,2026-08-28,CUST0237,East,Accessories,4,117.33,0.1,469.32,422.39,210,103.54,2479980.25
TXN00627,2026-08-28,CUST0110,East,Laptops,3,1754.69,0.25,5264.07,3948.05,71,1466.45,2485244.32
TXN00657,2026-08-28,CUST0094,North,Phones,7,1054.28,0.11,7379.96,6568.16,48,763.51,2492624.28
TXN00268,2026-08-29,CUST0077,South,Laptops,1,2205.07,0.05,2205.07,2094.82,101,1466.45,2494829.35
TXN00363,2026-08-29,CUST0454,East,Laptops,6,1122.33,0.04,6733.98,6464.62,52,1466.45,2501563.33
TXN00780,2026-08-29,CUST0006,North,Accessories,6,68.37,0.15,410.22,348.69,189,103.54,2501973.55
TXN00019,2026-08-30,CUST0311,West,Phones,8,1252.1,0.21,10016.8,7913.27,22,763.51,2511990.35
TXN00326,2026-08-30,,West,Laptops,6,2360.65,0.28,14163.9,10198.01,11,1466.45,2526154.25
TXN00559,2026-08-30,CUST0154,North,Accessories,1,97.06,0.25,97.06,72.8,230,103.54,2526251.31
TXN00713,2026-08-30,CUST0277,North,Phones,10,468.31,0.04,4683.1,4495.78,78,763.51,2530934.41
TXN00812,2026-08-30,CUST0339,West,Accessories,1,69.77,0.06,69.77,65.58,215,103.54,2531004.18
TXN00841,2026-08-30,CUST0031,North,Phones,2,279.33,0.02,558.66,547.49,174,763.51,2531562.84
TXN00081,2026-08-31,CUST0493,East,Laptops,7,921.14,0.28,6447.98,4642.55,57,1466.45,2538010.82
TXN00339,2026-08-31,CUST0117,South,Laptops,3,1807.18,0.22,5421.54,4228.8,63,1466.45,2543432.36
TXN00857,2026-08-31,CUST0213,West,Phones,4,1100.08,0.0,4400.32,4400.32,83,763.51,2547832.68
TXN00198,2026-09-01,CUST0304,South,Laptops,2,660.45,0.12,1320.9,1162.39,119,1466.45,2549153.58
TXN00315,2026-09-01,CUST0179,West,Accessories,10,124.28,0.28,1242.8,894.82,137,103.54,2550396.38
TXN00415,2026-09-01,CUST0424,East,Laptops,9,532.13,0.03,4789.17,4645.49,77,1466.45,2555185.55
TXN00476,2026-09-01,CUST0340,North,Accessories,1,33.02,0.27,33.02,24.1,241,103.54,2555218.57
TXN00126,2026-09-02,CUST0014,North,Phones,4,822.75,0.21,3291.0,2599.89,97,763.51,2558509.57
TXN00528,2026-09-02,CUST0325,South,Laptops,3,2069.42,0.13,6208.26,5401.19,52,1466.45,2564717.83
TXN00194,2026-09-03,CUST0330,North,Laptops,9,2065.45,0.02,18589.05,18217.27,7,1466.45,2583306.88
TXN00516,2026-09-03,CUST0034,South,Phones,10,1083.03,0.3,10830.3,7581.21,23,763.51,2594137.18
TXN00674,2026-09-03,CUST0042,West,Accessories,6,121.16,0.21,726.96,574.3,165,103.54,2594864.14
TXN00541,2026-09-04,CUST0222,South,Accessories,9,40.88,0.25,367.92,275.94,181,103.54,2595232.06
TXN00117,2026-09-05,CUST0176,South,Phones,3,1211.6,0.06,3634.8,3416.71,84,763.51,2598866.86
TXN00040,2026-09-06,CUST0157,West,Laptops,3,1642.53,0.09,4927.59,4484.11,71,1466.45,2603794.45
TXN00209,2026-09-06,CUST0342,North,Phones,7,1041.57,0.12,7290.99,6416.07,50,763.51,2611085.44
TXN00292,2026-09-06,CUST0091,West,Laptops,5,771.86,0.01,3859.3,3820.71,89,1466.45,2614944.74
TXN00051,2026-09-07,CUST0163,North,Accessories,9,24.26,0.27,218.34,159.39,210,103.54,2615163.08
TXN00189,2026-09-07,CUST0442,West,Phones,8,649.11,0.23,5192.88,3998.52,67,763.51,2620355.96
TXN00878,2026-09-07,CUST0037,East,Accessories,3,63.81,0.04,191.43,183.77,241,103.54,2620547.39
TXN00919,2026-09-07,CUST0019,West,Accessories,9,184.38,0.27,1659.42,1211.38,127,103.54,2622206.81
TXN00925,2026-09-07,CUST0461,East,Phones,2,310.47,0.04,620.94,596.1,195,763.51,2622827.75
TXN00219,2026-09-08,CUST0157,East,Laptops,1,783.28,0.06,783.28,736.28,177,1466.45,2623611.03
TXN00365,2026-09-08,CUST0252,South,Phones,8,1259.21,0.25,10073.68,7555.26,27,763.51,2633684.71
TXN00210,2026-09-09,CUST0224,West,Accessories,5,180.53,0.09,902.65,821.41,154,103.54,2634587.36
TXN00865,2026-09-09,CUST0189,West,Accessories,8,171.79,0.3,1374.32,962.02,132,103.54,2635961.68
TXN00890,2026-09-09,CUST0421,South,Phones,6,804.71,0.22,4828.26,3766.04,71,763.51,2640789.94
TXN00938,2026-09-09,CUST0067,East,Accessories,2,127.15,0.05,254.3,241.58,231,103.54,2641044.24
TXN00037,2026-09-10,CUST0424,East,Phones,1,1114.51,0.18,1114.51,913.9,155,763.51,2642158.75
TXN00047,2026-09-10,CUST0030,North,Laptops,2,657.95,0.09,1315.9,1197.47,136,1466.45,2643474.65
TXN00053,2026-09-10,CUST0286,South,Laptops,6,719.63,0.02,4317.78,4231.42,76,1466.45,2647792.43
TXN00770,2026-09-10,CUST0123,West,Phones,1,612.06,0.18,612.06,501.89,169,763.51,2648404.49
TXN00950,2026-09-10,CUST0486,North,Laptops,10,1900.12,0.3,19001.2,13300.84,4,1466.45,2667405.69
TXN00914,2026-09-12,CUST0158,West,Accessories,9,156.35,0.15,1407.15,1196.08,131,103.54,2668812.84
TXN00272,2026-09-13,CUST0147,North,Laptops,5,1349.49,0.03,6747.45,6545.03,54,1466.45,2675560.29
TXN00645,2026-09-13,CUST0207,East,Laptops,4,1226.42,0.25,4905.68,3679.26,75,1466.45,2680465.97
TXN00826,2026-09-13,CUST0255,South,Phones,10,269.26,0.11,2692.6,2396.41,94,763.51,2683158.57
TXN00136,2026-09-14,CUST0306,South,Phones,6,758.39,0.06,4550.34,4277.32,75,763.51,2687708.91
TXN00167,2026-09-14,CUST0033,West,Phones,7,586.98,0.14,4108.86,3533.62,88,763.51,2691817.77
TXN00221,2026-09-14,CUST0277,West,Laptops,4,1152.44,0.11,4609.76,4102.69,79,1466.45,2696427.53
TXN00346,2026-09-14,CUST0228,East,Laptops,4,1247.43,0.24,4989.72,3792.19,74,1466.45,2701417.25
TXN00028,2026-09-15,CUST0321,East,Phones,9,474.67,0.16,4272.03,3588.51,88,763.51,2705689.28
TXN00066,2026-09-15,CUST0362,West,Laptops,7,2487.51,0.03,17412.57,16890.19,4,1466.45,2723101.85
TXN00226,2026-09-15,CUST0295,West,Laptops,8,1118.51,0.18,8948.08,7337.43,32,1466.45,2732049.93
TXN00252,2026-09-15,CUST0094,West,Accessories,9,33.38,0.04,300.42,288.4,196,103.54,2732350.35
TXN00586,2026-09-15,CUST0177,North,Laptops,4,507.25,0.03,2029.0,1968.13,114,1466.45,2734379.35
TXN00613,2026-09-15,CUST0257,West,Accessories,5,178.37,0.12,891.85,784.83,156,103.54,2735271.2
TXN00793,2026-09-15,CUST0217,South,Phones,1,443.3,0.16,443.3,372.37,171,763.51,2735714.5
TXN00881,2026-09-15,CUST0387,West,Laptops,4,1980.08,0.02,7920.32,7761.91,36,1466.45,2743634.82
TXN00620,2026-09-16,CUST0104,East,Laptops,8,1821.16,0.15,14569.28,12383.89,10,1466.45,2758204.1
TXN00628,2026-09-16,CUST0429,South,Accessories,2,37.66,0.21,75.32,59.5,220,103.54,2758279.42
TXN00827,2026-09-16,CUST0449,North,Laptops,3,1268.72,0.26,3806.16,2816.56,88,1466.45,2762085.58
TXN00442,2026-09-17,CUST0337,North,Phones,1,576.19,0.02,576.19,564.67,173,763.51,2762661.77
TXN00569,2026-09-17,CUST0438,North,Accessories,5,176.07,0.28,880.35,633.85,159,103.54,2763542.12
TXN00833,2026-09-17,CUST0244,West,Phones,9,998.2,0.2,8983.8,7187.04,31,763.51,2772525.92
TXN00642,2026-09-18,CUST0494,East,Accessories,2,114.85,0.09,229.7,209.03,237,103.54,2772755.62
TXN00283,2026-09-19,CUST0079,South,Accessories,9,89.48,0.09,805.32,732.84,140,103.54,2773560.94
TXN00366,2026-09-19,CUST0252,South,Laptops,10,1241.39,0.23,12413.9,9558.7,12,1466.45,2785974.84
TXN00385,2026-09-19,CUST0044,North,Laptops,8,1965.52,0.12,15724.16,13837.26,11,1466.45,2801699.0
TXN00767,2026-09-19,CUST0343,East,Phones,2,213.02,0.28,426.04,306.75,216,763.51,2802125.04
TXN00506,2026-09-20,CUST0304,North,Accessories,3,60.58,0.26,181.74,134.49,213,103.54,2802306.78
TXN00060,2026-09-21,CUST0317,North,Laptops,4,744.79,0.26,2979.16,2204.58,100,1466.45,2805285.94
TXN00240,2026-09-22,CUST0277,East,Phones,2,949.81,0.01,1899.62,1880.62,124,763.51,2807185.56
TXN00304,2026-09-22,CUST0210,South,Accessories,7,158.57,0.29,1109.99,788.09,128,103.54,2808295.55
TXN00510,2026-09-22,CUST0168,West,Laptops,9,1179.23,0.26,10613.07,7853.67,20,1466.45,2818908.62
TXN00034,2026-09-23,CUST0364,East,Laptops,3,1535.2,0.28,4605.6,3316.03,82,1466.45,2823514.22
TXN00214,2026-09-23,CUST0071,West,Laptops,1,1703.93,0.24,1703.93,1294.99,123,1466.45,2825218.15
TXN00438,2026-09-23,CUST0181,West,Phones,2,952.99,0.0,1905.98,1905.98,120,763.51,2827124.13
TXN00641,2026-09-23,CUST0402,South,Laptops,9,2124.74,0.15,19122.66,16254.26,1,1466.45,2846246.79
TXN00388,2026-09-24,CUST0275,North,Laptops,9,723.42,0.1,6510.78,5859.7,57,1466.45,2852757.57
TXN00574,2026-09-24,,East,Accessories,1,99.04,0.24,99.04,75.27,252,103.54,2852856.61
TXN00392,2026-09-25,CUST0438,North,Laptops,10,2404.52,0.12,24045.2,21159.78,1,1466.45,2876901.81
TXN00832,2026-09-25,CUST0312,North,Accessories,2,126.36,0.08,252.72,232.5,203,103.54,2877154.53
TXN00685,2026-09-27,CUST0088,North,Accessories,2,90.49,0.04,180.98,173.74,214,103.54,2877335.51
TXN00211,2026-09-29,CUST0380,East,Phones,7,398.55,0.01,2789.85,2761.95,110,763.51,2880125.36
TXN00229,2026-09-29,CUST0003,North,Laptops,5,1498.78,0.06,7493.9,7044.27,45,1466.45,2887619.26
TXN00319,2026-09-29,CUST0151,East,Accessories,6,75.39,0.23,452.34,348.3,211,103.54,2888071.6
TXN00261,2026-09-30,CUST0205,North,Laptops,1,1027.79,0.14,1027.79,883.9,152,1466.45,2889099.39
TXN00769,2026-09-30,CUST0264,South,Laptops,3,1853.07,0.2,5559.21,4447.37,61,1466.45,2894658.6
TXN00937,2026-09-30,CUST0282,East,Phones,4,1081.36,0.16,4325.44,3633.37,87,763.51,2898984.04
TXN00254,2026-10-01,CUST0311,South,Laptops,3,2139.85,0.09,6419.55,5841.79,49,1466.45,2905403.59
TXN00307,2026-10-02,CUST0326,East,Phones,7,875.31,0.24,6127.17,4656.65,62,763.51,2911530.76
TXN00405,2026-10-02,CUST0415,South,Accessories,5,9.85,0.17,49.25,40.88,224,103.54,2911580.01
TXN00567,2026-10-02,CUST0154,East,Laptops,8,2037.9,0.27,16303.2,11901.34,7,1466.45,2927883.21
TXN00583,2026-10-02,CUST0403,North,Laptops,3,1134.72,0.12,3404.16,2995.66,93,1466.45,2931287.37
TXN00720,2026-10-02,CUST0405,North,Accessories,7,85.15,0.21,596.05,470.88,170,103.54,2931883.42
TXN00156,2026-10-03,CUST0441,East,Accessories,9,138.72,0.05,1248.48,1186.06,148,103.54,2933131.9
TXN00276,2026-10-03,CUST0144,West,Phones,10,734.67,0.04,7346.7,7052.83,45,763.51,2940478.6
TXN00284,2026-10-03,CUST0367,North,Accessories,1,21.98,0.08,21.98,20.22,243,103.54,2940500.58
TXN00306,2026-10-03,CUST0065,North,Laptops,7,861.19,0.02,6028.33,5907.76,60,1466.45,2946528.91
TXN00650,2026-10-03,CUST0253,North,Phones,1,648.13,0.07,648.13,602.76,167,763.51,2947177.04
TXN00904,2026-10-03,CUST0338,East,Phones,10,510.12,0.04,5101.2,4897.15,72,763.51,2952278.24
TXN00448,2026-10-04,CUST0499,North,Laptops,2,2278.51,0.21,4557.02,3600.05,79,1466.45,2956835.26
TXN00068,2026-10-05,,West,Phones,10,318.24,0.08,3182.4,2927.81,99,763.51,2960017.66
TXN00270,2026-10-05,,East,Phones,1,493.42,0.24,493.42,375.0,206,763.51,2960511.08
TXN00947,2026-10-05,CUST0340,East,Phones,2,1055.83,0.0,2111.66,2111.66,120,763.51,2962622.74
TXN00380,2026-10-06,CUST0304,West,Phones,1,301.58,0.19,301.58,244.28,195,763.51,2962924.32
TXN00527,2026-10-06,CUST0310,West,Phones,5,1018.73,0.3,5093.65,3565.55,69,763.51,2968017.97
TXN00172,2026-10-08,CUST0041,West,Accessories,8,50.21,0.0,401.68,401.68,188,103.54,2968419.65
TXN00911,2026-10-08,CUST0129,West,Accessories,4,91.25,0.14,365.0,313.9,193,103.54,2968784.65
TXN00928,2026-10-08,CUST0384,South,Phones,10,1084.28,0.25,10842.8,8132.1,22,763.51,2979627.45
TXN00305,2026-10-09,CUST0082,North,Accessories,5,195.6,0.01,978.0,968.22,153,103.54,2980605.45
TXN00361,2026-10-09,CUST0410,West,Laptops,2,1732.77,0.02,3465.54,3396.23,94,1466.45,2984070.99
TXN00362,2026-10-09,CUST0261,North,Laptops,3,958.54,0.1,2875.62,2588.06,105,1466.45,2986946.61
TXN00403,2026-10-09,CUST0038,South,Laptops,6,601.32,0.14,3607.92,3102.81,85,1466.45,2990554.53
TXN00867,2026-10-09,CUST0378,West,Accessories,4,136.24,0.28,544.96,392.37,180,103.54,2991099.49
TXN00160,2026-10-11,CUST0057,South,Laptops,7,1360.36,0.15,9522.52,8094.14,30,1466.45,3000622.01
TXN00337,2026-10-11,CUST0388,East,Phones,2,851.39,0.21,1702.78,1345.2,130,763.51,3002324.79
TXN00399,2026-10-11,CUST0421,West,Laptops,1,2467.79,0.25,2467.79,1850.84,108,1466.45,3004792.58
TXN00873,2026-10-11,CUST0122,West,Laptops,4,1516.51,0.01,6066.04,6005.38,57,1466.45,3010858.62
TXN00933,2026-10-11,,South,Laptops,9,1413.78,0.22,12724.02,9924.74,9,1466.45,3023582.64
TXN00114,2026-10-13,CUST0332,South,Accessories,1,156.15,0.1,156.15,140.54,205,103.54,3023738.79
TXN00436,2026-10-13,CUST0290,East,Accessories,3,90.71,0.1,272.13,244.92,229,103.54,3024010.92
TXN00444,2026-10-13,CUST0065,East,Laptops,9,1210.04,0.1,10890.36,9801.32,27,1466.45,3034901.28
TXN00451,2026-10-13,CUST0172,East,Laptops,2,929.93,0.11,1859.86,1655.28,125,1466.45,3036761.14
TXN00802,2026-10-13,CUST0204,South,Phones,5,664.92,0.12,3324.6,2925.65,86,763.51,3040085.74
TXN00003,2026-10-14,CUST0190,East,Laptops,4,1348.77,0.12,5395.08,4747.67,70,1466.45,3045480.82
TXN00154,2026-10-14,CUST0195,West,Phones,7,330.98,0.07,2316.86,2154.68,111,763.51,3047797.68
TXN00335,2026-10-14,CUST0282,South,Accessories,1,170.05,0.0,170.05,170.05,201,103.54,3047967.73
TXN00377,2026-10-14,CUST0213,East,Laptops,4,1428.77,0.1,5715.08,5143.57,68,1466.45,3053682.81
TXN00565,2026-10-14,CUST0080,West,Phones,3,1055.69,0.25,3167.07,2375.3,101,763.51,3056849.88
TXN00732,2026-10-14,CUST0344,East,Laptops,5,1006.31,0.29,5031.55,3572.4,73,1466.45,3061881.43
TXN00882,2026-10-14,CUST0130,North,Accessories,7,38.2,0.23,267.4,205.9,202,103.54,3062148.83
TXN00908,2026-10-14,CUST0242,East,Phones,3,1123.7,0.08,3371.1,3101.41,98,763.51,3065519.93
TXN00936,2026-10-14,CUST0029,South,Accessories,4,194.81,0.06,779.24,732.49,143,103.54,3066299.17
TXN00474,2026-10-15,CUST0355,South,Accessories,7,110.75,0.25,775.25,581.44,144,103.54,3067074.42
TXN00520,2026-10-15,CUST0295,East,Laptops,1,1608.44,0.05,1608.44,1528.02,134,1466.45,3068682.86
TXN00772,2026-10-15,CUST0226,East,Laptops,6,974.81,0.06,5848.86,5497.93,66,1466.45,3074531.72
TXN00338,2026-10-16,CUST0320,South,Phones,9,868.73,0.04,7818.57,7505.83,36,763.51,3082350.29
TXN00609,2026-10-16,CUST0229,West,Laptops,9,1830.04,0.14,16470.36,14164.51,5,1466.45,3098820.65
TXN00311,2026-10-17,CUST0171,North,Laptops,1,923.21,0.04,923.21,886.28,155,1466.45,3099743.86
TXN00466,2026-10-17,CUST0121,South,Laptops,8,1094.92,0.3,8759.36,6131.55,33,1466.45,3108503.22
TXN00487,2026-10-17,CUST0020,South,Accessories,2,67.48,0.04,134.96,129.56,209,103.54,3108638.18
TXN00061,2026-10-18,CUST0079,West,Phones,1,844.65,0.3,844.65,591.26,157,763.51,3109482.83
TXN00454,2026-10-18,CUST0285,East,Phones,2,495.08,0.04,990.16,950.55,159,763.51,3110472.99
TXN00543,2026-10-18,CUST0008,West,Laptops,5,823.99,0.24,4119.95,3131.16,87,1466.45,3114592.94
TXN00549,2026-10-18,CUST0296,North,Accessories,7,53.98,0.29,377.86,268.28,190,103.54,3114970.8
TXN00243,2026-10-19,CUST0317,South,Phones,2,908.68,0.23,1817.36,1399.37,104,763.51,3116788.16
TXN00063,2026-10-20,CUST0201,East,Phones,8,504.73,0.02,4037.84,3957.08,89,763.51,3120826.0
TXN00138,2026-10-20,,North,Accessories,1,106.8,0.09,106.8,97.19,227,103.54,3120932.8
TXN00274,2026-10-20,CUST0308,East,Laptops,9,2080.02,0.05,18720.18,17784.17,4,1466.45,3139652.98
TXN00730,2026-10-20,CUST0287,South,Phones,2,212.57,0.29,425.14,301.85,175,763.51,3140078.12
TXN00431,2026-10-21,CUST0343,South,Accessories,4,116.77,0.28,467.08,336.3,169,103.54,3140545.2
TXN00452,2026-10-21,CUST0275,South,Phones,9,266.08,0.28,2394.72,1724.2,98,763.51,3142939.92
TXN00809,2026-10-21,CUST0483,North,Phones,6,686.77,0.05,4120.62,3914.59,83,763.51,3147060.54
TXN00375,2026-10-23,CUST0193,East,Accessories,7,177.06,0.14,1239.42,1065.9,149,103.54,3148299.96
TXN00781,2026-10-23,CUST0151,West,Laptops,9,1100.2,0.13,9901.8,8614.57,25,1466.45,3158201.76
TXN00844,2026-10-23,CUST0141,North,Phones,1,1284.3,0.23,1284.3,988.91,140,763.51,3159486.06
TXN00887,2026-10-23,CUST0049,East,Accessories,10,101.77,0.09,1017.7,926.11,158,103.54,3160503.76
TXN00472,2026-10-24,CUST0459,East,Accessories,9,39.03,0.13,351.27,305.6,223,103.54,3160855.03
TXN00813,2026-10-24,CUST0116,West,Phones,10,490.67,0.29,4906.7,3483.76,72,763.51,3165761.73
TXN00830,2026-10-24,CUST0136,North,Accessories,1,67.46,0.23,67.46,51.94,237,103.54,3165829.19
TXN00636,2026-10-25,CUST0114,West,Accessories,1,192.49,0.16,192.49,161.69,205,103.54,3166021.68
TXN00055,2026-10-26,CUST0183,South,Accessories,1,117.43,0.08,117.43,108.04,213,103.54,3166139.11
TXN00088,2026-10-26,CUST0137,North,Laptops,1,968.56,0.0,968.56,968.56,154,1466.45,3167107.67
TXN00534,2026-10-26,CUST0215,North,Laptops,5,549.91,0.22,2749.55,2144.65,106,1466.45,3169857.22
TXN00694,2026-10-26,CUST0426,South,Phones,8,866.18,0.04,6929.44,6652.26,42,763.51,3176786.66
TXN00731,2026-10-28,CUST0262,East,Accessories,10,72.67,0.07,726.7,675.83,184,103.54,3177513.36
TXN00222,2026-10-29,CUST0414,East,Laptops,2,2003.47,0.29,4006.94,2844.93,90,1466.45,3181520.3
TXN00897,2026-10-31,CUST0378,South,Phones,7,891.74,0.06,6242.18,5867.65,51,763.51,3187762.48
TXN00227,2026-11-01,CUST0160,West,Laptops,9,1948.14,0.21,17533.26,13851.28,3,1466.45,3205295.74
TXN00637,2026-11-01,CUST0394,North,Phones,9,289.46,0.23,2605.14,2005.96,107,763.51,3207900.88
TXN00025,2026-11-02,CUST0481,West,Laptops,8,785.18,0.21,6281.44,4962.34,55,1466.45,3214182.32
TXN00390,2026-11-02,CUST0446,East,Phones,10,1111.8,0.23,11118.0,8560.86,26,763.51,3225300.32
TXN00875,2026-11-02,CUST0199,South,Phones,10,797.97,0.01,7979.7,7899.9,35,763.51,3233280.02
TXN00031,2026-11-03,CUST0405,East,Accessories,3,129.33,0.13,387.99,337.55,218,103.54,3233668.01
TXN00090,2026-11-03,CUST0283,North,Accessories,8,60.95,0.06,487.6,458.34,185,103.54,3234155.61
TXN00595,2026-11-03,CUST0035,North,Laptops,1,1337.48,0.01,1337.48,1324.11,135,1466.45,3235493.09
TXN00707,2026-11-03,,East,Laptops,3,1248.05,0.28,3744.15,2695.79,94,1466.45,3239237.24
TXN00084,2026-11-05,CUST0029,West,Laptops,5,2225.56,0.16,11127.8,9347.35,18,1466.45,3250365.04
TXN00889,2026-11-05,CUST0043,East,Phones,9,744.82,0.02,6703.38,6569.31,53,763.51,3257068.42
TXN00038,2026-11-06,CUST0294,North,Accessories,4,125.37,0.29,501.48,356.05,183,103.54,3257569.9
TXN00131,2026-11-06,CUST0202,East,Phones,2,290.95,0.1,581.9,523.71,200,763.51,3258151.8
TXN00232,2026-11-06,CUST0224,North,Laptops,1,1947.33,0.02,1947.33,1908.38,118,1466.45,3260099.13
TXN00540,2026-11-06,CUST0306,North,Phones,6,895.38,0.14,5372.28,4620.16,71,763.51,3265471.41
TXN00861,2026-11-06,CUST0415,South,Accessories,1,96.92,0.06,96.92,91.1,217,103.54,3265568.33
TXN00895,2026-11-08,CUST0111,North,Laptops,1,1437.22,0.16,1437.22,1207.26,131,1466.45,3267005.55
TXN00228,2026-11-09,CUST0456,South,Phones,10,1179.5,0.06,11795.0,11087.3,15,763.51,3278800.55
TXN00715,2026-11-10,CUST0205,North,Accessories,1,118.95,0.18,118.95,97.54,226,103.54,3278919.5
TXN00870,2026-11-10,CUST0097,South,Phones,5,1019.17,0.06,5095.85,4790.1,68,763.51,3284015.35
TXN00291,2026-11-11,CUST0056,East,Accessories,6,150.68,0.07,904.08,840.79,168,103.54,3284919.43
TXN00652,2026-11-11,CUST0328,North,Accessories,5,104.48,0.09,522.4,475.38,178,103.54,3285441.83
TXN00817,2026-11-11,CUST0178,South,Accessories,1,165.5,0.27,165.5,120.82,203,103.54,3285607.33
TXN00316,2026-11-13,CUST0283,North,Phones,1,322.55,0.01,322.55,319.32,195,763.51,3285929.88
TXN00360,2026-11-13,CUST0073,East,Accessories,1,149.8,0.01,149.8,148.3,247,103.54,3286079.68
TXN00486,2026-11-13,CUST0106,South,Phones,4,1009.82,0.25,4039.28,3029.46,78,763.51,3290118.96
TXN00678,2026-11-13,CUST0106,South,Phones,7,870.44,0.19,6093.08,4935.39,55,763.51,3296212.04
TXN00173,2026-11-14,CUST0050,North,Accessories,3,137.07,0.07,411.21,382.43,187,103.54,3296623.25
TXN00447,2026-11-14,CUST0146,East,Accessories,6,108.8,0.01,652.8,646.27,190,103.54,3297276.05
TXN00494,2026-11-14,,South,Laptops,6,1274.11,0.08,7644.66,7033.09,38,1466.45,3304920.71
TXN00525,2026-11-14,CUST0444,West,Phones,2,843.13,0.17,1686.26,1399.6,124,763.51,3306606.97
TXN00670,2026-11-14,CUST0122,West,Accessories,6,191.17,0.23,1147.02,883.21,140,103.54,3307753.99
TXN00949,2026-11-14,CUST0462,South,Phones,1,527.74,0.17,527.74,438.02,163,763.51,3308281.73
TXN00683,2026-11-15,CUST0433,West,Accessories,4,30.83,0.23,123.32,94.96,210,103.54,3308405.05
TXN00175,2026-11-16,CUST0470,South,Accessories,5,84.5,0.24,422.5,321.1,176,103.54,3308827.55
TXN00397,2026-11-16,CUST0452,South,Accessories,8,152.34,0.19,1218.72,987.16,122,103.54,3310046.27
TXN00481,2026-11-16,CUST0239,South,Phones,8,1184.03,0.16,9472.24,7956.68,31,763.51,3319518.51
TXN00485,2026-11-16,CUST0482,West,Phones,6,534.58,0.24,3207.48,2437.68,98,763.51,3322725.99
TXN00101,2026-11-17,CUST0101,North,Laptops,2,950.26,0.09,1900.52,1729.47,119,1466.45,3324626.51
TXN00877,2026-11-17,CUST0256,North,Accessories,2,122.28,0.19,244.56,198.09,206,103.54,3324871.07
TXN00185,2026-11-18,CUST0486,North,Laptops,1,634.07,0.15,634.07,538.96,168,1466.45,3325505.14
TXN00816,2026-11-18,CUST0390,West,Laptops,3,704.61,0.02,2113.83,2071.55,115,1466.45,3327618.97
TXN00140,2026-11-19,CUST0005,South,Accessories,3,171.7,0.15,515.1,437.83,166,103.54,3328134.07
TXN00171,2026-11-19,CUST0444,East,Accessories,5,191.04,0.01,955.2,945.65,163,103.54,3329089.27
TXN00340,2026-11-19,CUST0154,North,Phones,7,422.43,0.27,2957.01,2158.62,102,763.51,3332046.28
TXN00739,2026-11-20,CUST0151,South,Phones,5,1134.85,0.0,5674.25,5674.25,60,763.51,3337720.53
TXN00913,2026-11-20,CUST0351,East,Laptops,3,1203.6,0.21,3610.8,2852.53,96,1466.45,3341331.33
TXN00151,2026-11-21,CUST0043,East,Accessories,4,155.71,0.11,622.84,554.33,194,103.54,3341954.17
TXN00296,2026-11-23,CUST0195,West,Phones,1,951.45,0.14,951.45,818.25,151,763.51,3342905.62
TXN00464,2026-11-23,CUST0286,North,Accessories,3,56.26,0.03,168.78,163.72,216,103.54,3343074.4
TXN00471,2026-11-23,CUST0278,East,Accessories,5,22.09,0.0,110.45,110.45,251,103.54,3343184.85
TXN00834,2026-11-23,CUST0254,East,Accessories,8,70.15,0.17,561.2,465.8,202,103.54,3343746.05
TXN00263,2026-11-24,CUST0108,East,Laptops,10,589.92,0.12,5899.2,5191.3,65,1466.45,3349645.25
TXN00349,2026-11-24,CUST0291,East,Phones,3,954.32,0.02,2862.96,2805.7,105,763.51,3352508.21
TXN00386,2026-11-25,CUST0251,East,Accessories,3,148.23,0.27,444.69,324.62,212,103.54,3352952.9
TXN00286,2026-11-26,CUST0151,South,Laptops,6,966.58,0.15,5799.48,4929.56,58,1466.45,3358752.38
TXN00174,2026-11-27,CUST0100,West,Phones,2,1056.03,0.1,2112.06,1900.85,116,763.51,3360864.44
TXN00313,2026-11-27,CUST0082,West,Laptops,8,724.36,0.01,5794.88,5736.93,60,1466.45,3366659.32
TXN00119,2026-11-28,CUST0029,South,Phones,6,306.09,0.07,1836.54,1707.98,103,763.51,3368495.86
TXN00594,2026-11-28,CUST0256,West,Phones,8,371.74,0.03,2973.92,2884.7,102,763.51,3371469.78
TXN00632,2026-11-28,CUST0469,South,Accessories,5,65.05,0.26,325.25,240.68,184,103.54,3371795.03
TXN00180,2026-11-29,CUST0354,East,Laptops,5,1300.56,0.24,6502.8,4942.13,56,1466.45,3378297.83
TXN00643,2026-11-29,CUST0302,East,Accessories,6,71.93,0.11,431.58,384.11,215,103.54,3378729.41
TXN00681,2026-11-29,CUST0470,North,Laptops,6,912.55,0.01,5475.3,5420.55,69,1466.45,3384204.71
TXN00849,2026-11-29,CUST0097,East,Laptops,1,769.23,0.06,769.23,723.08,178,1466.45,3384973.94
TXN00193,2026-11-30,CUST0134,East,Accessories,6,72.89,0.29,437.34,310.51,214,103.54,3385411.28
TXN00293,2026-11-30,CUST0260,South,Accessories,6,29.98,0.01,179.88,178.08,200,103.54,3385591.16
TXN00856,2026-11-30,CUST0331,South,Accessories,5,132.6,0.23,663.0,510.51,154,103.54,3386254.16
TXN00033,2026-12-01,CUST0119,East,Phones,2,365.69,0.24,731.38,555.85,183,763.51,3386985.54
TXN00054,2026-12-01,CUST0282,South,Laptops,1,1159.59,0.05,1159.59,1101.61,126,1466.45,3388145.13
TXN00256,2026-12-01,CUST0238,South,Accessories,1,191.66,0.19,191.66,155.24,198,103.54,3388336.79
TXN00560,2026-12-01,CUST0145,South,Accessories,1,192.67,0.26,192.67,142.58,197,103.54,3388529.46
TXN00147,2026-12-02,CUST0442,West,Phones,2,1090.79,0.04,2181.58,2094.32,113,763.51,3390711.04
TXN00157,2026-12-02,CUST0381,West,Phones,2,841.76,0.01,1683.52,1666.68,125,763.51,3392394.56
TXN00529,2026-12-02,CUST0381,South,Laptops,9,1406.29,0.27,12656.61,9239.33,11,1466.45,3405051.17
TXN00576,2026-12-02,CUST0179,North,Phones,7,1215.55,0.1,8508.85,7657.96,38,763.51,3413560.02
TXN00578,2026-12-02,CUST0492,West,Laptops,3,590.96,0.17,1772.88,1471.49,122,1466.45,3415332.9
TXN00808,2026-12-02,CUST0207,East,Phones,6,1046.08,0.25,6276.48,4707.36,59,763.51,3421609.38
TXN00183,2026-12-03,CUST0279,East,Phones,5,292.07,0.29,1460.35,1036.85,140,763.51,3423069.73
TXN00412,2026-12-03,CUST0093,North,Phones,2,703.59,0.15,1407.18,1196.1,132,763.51,3424476.91
TXN00515,2026-12-03,CUST0174,West,Accessories,10,92.24,0.26,922.4,682.58,153,103.54,3425399.31
TXN00803,2026-12-03,CUST0336,South,Laptops,1,1567.75,0.21,1567.75,1238.52,113,1466.45,3426967.06
TXN00425,2026-12-04,CUST0342,East,Laptops,1,936.44,0.27,936.44,683.6,166,1466.45,3427903.5
TXN00159,2026-12-05,CUST0030,East,Accessories,3,83.72,0.29,251.16,178.32,232,103.54,3428154.66
TXN00414,2026-12-05,CUST0042,North,Accessories,6,145.86,0.0,875.16,875.16,160,103.54,3429029.82
TXN00550,2026-12-05,CUST0360,South,Laptops,1,526.8,0.1,526.8,474.12,164,1466.45,3429556.62
TXN00242,2026-12-06,CUST0362,West,Accessories,6,171.64,0.11,1029.84,916.56,146,103.54,3430586.46
TXN00680,2026-12-06,CUST0464,South,Phones,1,986.24,0.25,986.24,739.68,133,763.51,3431572.7
TXN00718,2026-12-06,CUST0266,South,Accessories,1,156.24,0.1,156.24,140.62,204,103.54,3431728.94
TXN00344,2026-12-07,CUST0408,West,Accessories,4,150.06,0.09,600.24,546.22,171,103.54,3432329.18
TXN00416,2026-12-07,CUST0187,West,Accessories,10,189.02,0.21,1890.2,1493.26,121,103.54,3434219.38
TXN00107,2026-12-08,CUST0106,West,Accessories,2,117.78,0.15,235.56,200.23,203,103.54,3434454.94
TXN00201,2026-12-08,CUST0348,West,Phones,7,1029.44,0.15,7206.08,6125.17,46,763.51,3441661.02
TXN00320,2026-12-08,CUST0326,North,Phones,3,964.95,0.21,2894.85,2286.93,104,763.51,3444555.87
TXN00342,2026-12-08,CUST0466,East,Laptops,1,2085.11,0.02,2085.11,2043.41,121,1466.45,3446640.98
TXN00445,2026-12-08,CUST0142,South,Phones,8,925.53,0.21,7404.24,5849.35,39,763.51,3454045.22
TXN00664,2026-12-08,CUST0228,East,Accessories,9,103.32,0.24,929.88,706.71,167,103.54,3454975.1
TXN00675,2026-12-08,CUST0104,East,Accessories,4,89.19,0.1,356.76,321.08,222,103.54,3455331.86
TXN00237,2026-12-11,CUST0320,North,Phones,4,1009.5,0.21,4038.0,3190.02,85,763.51,3459369.86
TXN00692,2026-12-11,CUST0041,North,Accessories,3,162.49,0.18,487.47,399.73,186,103.54,3459857.33
TXN00859,2026-12-11,CUST0040,West,Accessories,6,70.14,0.04,420.84,404.01,187,103.54,3460278.17
TXN00759,2026-12-12,CUST0422,West,Laptops,5,1572.14,0.11,7860.7,6996.02,37,1466.45,3468138.87
TXN00104,2026-12-13,CUST0365,West,Laptops,3,2233.1,0.07,6699.3,6230.35,51,1466.45,3474838.17
TXN00122,2026-12-13,CUST0386,West,Laptops,7,1234.12,0.19,8638.84,6997.46,33,1466.45,3483477.01
TXN00562,2026-12-13,,East,Laptops,6,2036.91,0.3,12221.46,8555.02,20,1466.45,3495698.47
TXN00027,2026-12-14,CUST0467,East,Laptops,3,764.02,0.24,2292.06,1741.97,118,1466.45,3497990.53
TXN00511,2026-12-14,CUST0462,South,Laptops,8,1505.66,0.25,12045.28,9033.96,13,1466.45,3510035.81
TXN00517,2026-12-14,CUST0487,East,Laptops,6,633.47,0.18,3800.82,3116.67,92,1466.45,3513836.63
TXN00547,2026-12-14,CUST0179,South,Phones,10,965.09,0.06,9650.9,9071.85,28,763.51,3523487.53
TXN00616,2026-12-14,CUST0336,South,Accessories,1,30.46,0.21,30.46,24.06,230,103.54,3523517.99
TXN00002,2026-12-15,CUST0318,North,Phones,9,255.49,0.11,2299.41,2046.47,111,763.51,3525817.4
TXN00531,2026-12-15,CUST0163,South,Accessories,2,155.14,0.13,310.28,269.94,185,103.54,3526127.68
TXN00829,2026-12-15,CUST0176,South,Accessories,8,80.6,0.2,644.8,515.84,155,103.54,3526772.48
TXN00005,2026-12-16,CUST0290,West,Accessories,9,70.34,0.24,633.06,481.13,168,103.54,3527405.54
TXN00164,2026-12-16,CUST0156,North,Phones,8,309.84,0.2,2478.72,1982.98,110,763.51,3529884.26
TXN00188,2026-12-16,CUST0259,East,Laptops,7,1949.15,0.1,13644.05,12279.64,15,1466.45,3543528.31
TXN00297,2026-12-16,CUST0041,West,Laptops,3,1561.33,0.11,4683.99,4168.75,77,1466.45,3548212.3
TXN00333,2026-12-16,CUST0212,South,Phones,6,1128.32,0.08,6769.92,6228.33,43,763.51,3554982.22
TXN00644,2026-12-16,CUST0275,West,Accessories,8,9.63,0.11,77.04,68.57,213,103.54,3555059.26
TXN00259,2026-12-17,CUST0410,West,Accessories,4,58.97,0.24,235.88,179.27,202,103.54,3555295.14
TXN00519,2026-12-17,CUST0159,North,Laptops,5,2333.91,0.21,11669.55,9218.94,20,1466.45,3566964.69
TXN00661,2026-12-17,CUST0231,South,Laptops,5,2083.93,0.11,10419.65,9273.49,25,1466.45,3577384.34
TXN00942,2026-12-17,CUST0086,South,Laptops,2,886.63,0.26,1773.26,1312.21,107,1466.45,3579157.6
TXN00497,2026-12-18,CUST0341,South,Phones,6,637.6,0.29,3825.6,2716.18,81,763.51,3582983.2
TXN00708,2026-12-18,CUST0267,East,Phones,5,270.82,0.1,1354.1,1218.69,145,763.51,3584337.3
TXN00831,2026-12-18,CUST0243,North,Laptops,2,730.58,0.06,1461.16,1373.49,130,1466.45,3585798.46
TXN00267,2026-12-20,CUST0440,South,Accessories,5,145.91,0.12,729.55,642.0,148,103.54,3586528.01
TXN00294,2026-12-20,CUST0306,East,Laptops,7,1266.2,0.19,8863.4,7179.35,37,1466.45,3595391.41
TXN00463,2026-12-20,CUST0367,West,Accessories,9,92.99,0.03,836.91,811.8,158,103.54,3596228.32
TXN00744,2026-12-21,CUST0232,East,Accessories,9,98.33,0.24,884.97,672.58,170,103.54,3597113.29
TXN00786,2026-12-21,CUST0401,East,Accessories,3,146.26,0.1,438.78,394.9,213,103.54,3597552.07
TXN00863,2026-12-21,CUST0030,West,Laptops,5,1524.05,0.14,7620.25,6553.42,40,1466.45,3605172.32
TXN00169,2026-12-22,CUST0361,East,Laptops,8,1510.57,0.16,12084.56,10151.03,23,1466.45,3617256.88
TXN00690,2026-12-22,,East,Accessories,2,127.82,0.09,255.64,232.63,230,103.54,3617512.52
TXN00735,2026-12-22,CUST0247,North,Accessories,9,87.55,0.1,787.95,709.16,162,103.54,3618300.47
TXN00753,2026-12-22,CUST0445,East,Accessories,8,122.79,0.21,982.32,776.03,160,103.54,3619282.79
TXN00862,2026-12-22,CUST0294,South,Laptops,1,1781.82,0.14,1781.82,1532.37,106,1466.45,3621064.61
TXN00093,2026-12-23,CUST0492,West,Accessories,7,163.89,0.17,1147.23,952.2,139,103.54,3622211.84
TXN00740,2026-12-23,CUST0323,North,Phones,9,666.88,0.3,6001.92,4201.34,61,763.51,3628213.76
TXN00902,2026-12-23,CUST0184,North,Accessories,7,32.45,0.25,227.15,170.36,207,103.54,3628440.91
TXN00132,2026-12-24,CUST0186,South,Accessories,1,148.78,0.2,148.78,119.02,207,103.54,3628589.69
TXN00797,2026-12-24,CUST0289,North,Phones,3,1123.75,0.03,3371.25,3270.11,95,763.51,3631960.94
TXN00350,2026-12-25,CUST0196,West,Accessories,8,46.85,0.17,374.8,311.08,192,103.54,3632335.74
TXN00455,2026-12-25,CUST0121,South,Accessories,1,87.66,0.28,87.66,63.12,218,103.54,3632423.4
TXN00477,2026-12-26,CUST0151,North,Phones,5,846.85,0.22,4234.25,3302.72,82,763.51,3636657.65
TXN00906,2026-12-26,CUST0398,West,Accessories,7,82.08,0.22,574.56,448.16,174,103.54,3637232.21
TXN00696,2026-12-27,CUST0144,West,Laptops,10,2126.06,0.05,21260.6,20197.57,1,1466.45,3658492.81
TXN00738,2026-12-28,CUST0069,South,Phones,7,1005.51,0.01,7038.57,6968.18,41,763.51,3665531.38
TXN00135,2026-12-29,CUST0204,East,Accessories,6,10.96,0.21,65.76,51.95,257,103.54,3665597.14
TXN00039,2026-12-30,CUST0312,East,Accessories,1,132.0,0.09,132.0,120.12,248,103.54,3665729.14
TXN00178,2026-12-30,CUST0264,South,Phones,6,1014.04,0.02,6084.24,5962.56,56,763.51,3671813.38
TXN00215,2026-12-30,CUST0265,North,Laptops,7,1279.82,0.07,8958.74,8331.63,35,1466.45,3680772.12
TXN00245,2026-12-30,CUST0450,North,Laptops,8,857.74,0.03,6861.92,6656.06,52,1466.45,3687634.04
TXN00258,2026-12-30,CUST0182,East,Phones,8,1287.31,0.0,10298.48,10298.48,29,763.51,3697932.52
TXN00784,2026-12-30,,East,Laptops,1,1424.39,0.08,1424.39,1310.44,143,1466.45,3699356.91
TXN00236,2026-12-31,CUST0452,South,Accessories,2,96.91,0.1,193.82,174.44,196,103.54,3699550.73
TXN00356,2026-12-31,CUST0206,West,Phones,7,606.92,0.16,4248.44,3568.69,86,763.51,3703799.17
TXN00866,2026-12-31,CUST0107,North,Accessories,1,134.04,0.23,134.04,103.21,223,103.54,3703933.21
